Date,Open,High,Low,Close,Adj Close,Volume,adjclose_15,true_adjclose_15,buy_profit,sell_profit
2012-08-13,22.149999618530273,22.450000762939453,21.399999618530273,21.600000381469727,21.600000381469727,24973100,23.292181,17.729999542236328,-3.8700008392333984,0.0
2012-08-22,19.360000610351562,19.530000686645508,18.959999084472656,19.440000534057617,19.440000534057617,49892200,19.576445,20.709999084472656,1.269998550415039,0.0
2012-08-24,19.520000457763672,19.68000030517578,19.25,19.40999984741211,19.40999984741211,29622200,21.536503,21.520000457763672,2.1100006103515625,0.0
2012-09-10,19.059999465942383,19.200000762939453,18.549999237060547,18.809999465942383,18.809999465942383,24797800,20.25736,21.989999771118164,3.1800003051757812,0.0
2012-09-12,20.760000228881836,21.15999984741211,20.280000686645508,20.93000030517578,20.93000030517578,121584000,20.344898,21.829999923706055,0.0,-0.8999996185302734
2012-09-13,20.959999084472656,21.479999542236328,20.610000610351562,20.709999084472656,20.709999084472656,65041600,20.674385,21.950000762939453,0.0,-1.2400016784667969
2012-09-17,22.670000076293945,22.75,21.5,21.520000457763672,21.520000457763672,50667600,22.430878,20.399999618530273,-1.1200008392333984,0.0
2012-10-01,22.079999923706055,22.59000015258789,21.729999542236328,21.989999771118164,21.989999771118164,51262700,22.693419,19.31999969482422,-2.6700000762939453,0.0
2012-10-03,22.299999237060547,22.489999771118164,21.799999237060547,21.829999923706055,21.829999923706055,32000100,23.68199,23.229999542236328,1.3999996185302734,0.0
2012-10-09,20.389999389648438,20.549999237060547,19.969999313354492,20.229999542236328,20.229999542236328,27161800,23.088745,21.209999084472656,0.9799995422363281,0.0
2012-10-10,19.93000030517578,19.940000534057617,19.450000762939453,19.639999389648438,19.639999389648438,39321800,22.463135,21.18000030517578,1.5400009155273438,0.0
2012-10-19,19.0,19.059999465942383,18.799999237060547,19.0,19.0,34835000,20.372072,19.860000610351562,0.8600006103515625,0.0
2012-11-14,20.100000381469727,22.5,19.93000030517578,22.360000610351562,22.360000610351562,229751000,19.104134,26.969999313354496,0.0,-4.609998703002933
2012-11-15,22.34000015258789,22.5,21.649999618530273,22.170000076293945,22.170000076293945,78857700,19.178402,27.489999771118164,0.0,-5.319999694824219
2012-12-14,28.18000030517578,28.329999923706055,26.760000228881836,26.809999465942383,26.809999465942383,91631600,29.43252,29.059999465942383,2.25,0.0
2012-12-20,27.489999771118164,27.600000381469727,27.1299991607666,27.360000610351562,27.360000610351562,35574800,29.30963,30.950000762939453,3.5900001525878906,0.0
2012-12-26,27.030000686645508,27.18000030517578,26.3799991607666,26.510000228881836,26.510000228881836,33175400,29.333595,30.139999389648438,3.6299991607666016,0.0
2012-12-27,26.549999237060547,26.799999237060547,25.520000457763672,26.049999237060547,26.049999237060547,43481700,29.043974,29.65999984741211,3.6100006103515625,0.0
2013-01-17,30.079999923706055,30.420000076293945,30.030000686645508,30.139999389648438,30.139999389648438,40256700,32.11235,28.549999237060547,-1.5900001525878906,0.0
2013-01-18,30.309999465942383,30.440000534057617,29.270000457763672,29.65999984741211,29.65999984741211,49631500,32.658855,28.260000228881836,-1.3999996185302734,0.0
2013-01-22,29.75,30.889999389648438,29.739999771118164,30.729999542236328,30.729999542236328,55243300,32.973022,27.3700008392334,-3.3599987030029297,0.0
2013-01-28,31.8799991607666,32.5099983215332,31.809999465942383,32.470001220703125,32.470001220703125,59682500,33.925583,28.930000305175778,-3.5400009155273473,0.0
2013-02-01,31.010000228881836,31.020000457763672,29.6299991607666,29.729999542236328,29.729999542236328,85856700,30.423338,27.270000457763672,-2.4599990844726562,0.0
2013-02-04,29.059999465942383,29.200000762939453,28.010000228881836,28.110000610351562,28.110000610351562,92362200,29.881561,27.389999389648434,-0.7200012207031286,0.0
2013-02-20,28.920000076293945,29.049999237060547,28.329999923706055,28.459999084472656,28.459999084472656,42098200,30.427197,27.07999992370606,-1.379999160766598,0.0
2013-02-27,27.34000015258789,27.34000015258789,26.6299991607666,26.8700008392334,26.8700008392334,44319700,29.23787,25.860000610351562,-1.010000228881836,0.0
2013-03-08,28.43000030517578,28.469999313354492,27.729999542236328,27.959999084472656,27.959999084472656,44198900,29.433672,25.53000068664551,-2.429998397827145,0.0
2013-03-21,25.65999984741211,26.110000610351562,25.559999465942383,25.739999771118164,25.739999771118164,24336100,27.765585,27.399999618530277,1.659999847412113,0.0
2013-04-09,26.579999923706055,26.889999389648438,26.420000076293945,26.59000015258789,26.59000015258789,21311100,28.388056,27.770000457763675,1.1800003051757848,0.0
2013-04-16,26.809999465942383,27.110000610351562,26.399999618530273,26.920000076293945,26.920000076293945,27365900,29.523502,26.889999389648438,-0.030000686645507812,0.0
2013-05-09,27.079999923706055,27.549999237060547,26.850000381469727,27.040000915527344,27.040000915527344,33457200,29.412867,24.350000381469727,-2.690000534057617,0.0
2013-05-15,26.920000076293945,26.989999771118164,26.399999618530273,26.600000381469727,26.600000381469727,30299800,28.884424,22.96999931335449,-3.630001068115238,0.0
2013-05-23,24.799999237060547,25.530000686645508,24.770000457763672,25.059999465942383,25.059999465942383,37663100,26.62639,23.6299991607666,-1.4300003051757812,0.0
2013-06-07,23.030000686645508,23.399999618530273,22.860000610351562,23.290000915527344,23.290000915527344,38699200,24.825113,24.8799991607666,1.5899982452392578,0.0
2013-06-10,24.059999465942383,24.600000381469727,23.989999771118164,24.329999923706055,24.329999923706055,58393000,24.791613,24.809999465942383,0.4799995422363281,0.0
2013-06-25,24.139999389648438,24.43000030517578,24.040000915527344,24.25,24.25,24713200,25.817432,26.649999618530277,2.399999618530277,0.0
2013-07-10,25.579999923706055,25.829999923706055,25.469999313354492,25.799999237060547,25.799999237060547,26721800,27.053299,36.79999923706055,11.0,0.0
2013-07-16,26.389999389648438,26.75,26.010000228881836,26.31999969482422,26.31999969482422,30817600,27.957273,38.54999923706055,12.229999542236328,0.0
2013-07-19,25.81999969482422,26.110000610351562,25.600000381469727,25.8799991607666,25.8799991607666,46539700,27.985851,38.5,12.620000839233398,0.0
2013-07-22,25.989999771118164,26.1299991607666,25.719999313354492,26.049999237060547,26.049999237060547,27526300,27.753635,38.220001220703125,12.170001983642578,0.0
2013-07-23,26.100000381469727,26.299999237060547,25.969999313354492,26.1299991607666,26.1299991607666,28221600,27.656298,37.02000045776367,10.89000129699707,0.0
2013-07-26,33.77000045776367,34.72999954223633,33.560001373291016,34.0099983215332,34.0099983215332,136028900,26.625347,37.08000183105469,0.0,-3.0700035095214844
2013-08-22,38.369998931884766,38.75,38.34000015258789,38.54999923706055,38.54999923706055,21931200,40.06433,44.310001373291016,5.760002136230469,0.0
2013-08-27,40.68000030517578,41.20000076293945,39.41999816894531,39.63999938964844,39.63999938964844,72695100,41.19494,45.22999954223633,5.590000152587891,0.0
2013-08-28,39.959999084472656,40.849998474121094,39.880001068115234,40.54999923706055,40.54999923706055,57918200,41.731087,45.97999954223633,5.430000305175781,0.0
2013-09-05,41.790000915527344,42.77000045776367,41.77000045776367,42.65999984741211,42.65999984741211,50035400,44.557472,50.38999938964844,7.729999542236328,0.0
2013-09-06,43.09000015258789,44.61000061035156,42.400001525878906,43.95000076293945,43.95000076293945,117535700,44.290527,51.2400016784668,7.290000915527344,0.0
2013-09-18,44.84000015258789,45.470001220703125,44.400001525878906,45.22999954223633,45.22999954223633,79317000,45.71699,46.77000045776367,1.5400009155273438,0.0
2013-09-24,48.5099983215332,49.65999984741211,48.15999984741211,48.45000076293945,48.45000076293945,136716100,47.519844,49.5,0.0,-1.0499992370605469
2013-09-26,50.0099983215332,50.599998474121094,49.5,50.38999938964844,50.38999938964844,98220100,49.76476,52.209999084472656,0.0,-1.8199996948242188
2013-09-27,50.290000915527344,51.279998779296875,49.86000061035156,51.2400016784668,51.2400016784668,81410500,51.119236,54.220001220703125,0.0,-2.979999542236328
2013-10-01,49.970001220703125,51.029998779296875,49.45000076293945,50.41999816894531,50.41999816894531,98114000,52.329514,52.68000030517578,2.2600021362304688,0.0
2013-10-15,49.9900016784668,51.0,49.18000030517578,49.5,49.5,81167000,50.384434,50.11000061035156,0.6100006103515625,0.0
2013-10-17,51.119998931884766,52.220001220703125,50.95000076293945,52.209999084472656,52.209999084472656,71522000,52.331886,47.56000137329102,-4.6499977111816335,0.0
2013-10-28,51.540000915527344,51.70000076293945,49.61000061035156,50.22999954223633,50.22999954223633,73472000,55.043545,45.83000183105469,-4.399997711181641,0.0
2013-10-31,47.15999984741211,52.0,46.5,50.209999084472656,50.209999084472656,248809000,48.328636,46.70000076293946,0.0,3.509998321533196
2013-11-07,49.2400016784668,49.869998931884766,47.29999923706055,47.560001373291016,47.560001373291016,97128000,50.379055,47.0099983215332,-0.5500030517578125,0.0
2013-11-15,49.11000061035156,49.47999954223633,48.709999084472656,49.0099983215332,49.0099983215332,42453000,49.958725,48.8400001525879,-0.1699981689453054,0.0
2013-11-26,44.65999984741211,46.16999816894531,43.54999923706055,45.88999938964844,45.88999938964844,82016000,47.507385,55.56999969482422,9.680000305175781,0.0
2013-12-03,46.75,47.20000076293945,46.290000915527344,46.72999954223633,46.72999954223633,32086000,48.87127,57.959999084472656,11.229999542236328,0.0
2013-12-18,54.86000061035156,55.88999938964844,53.75,55.56999969482422,55.56999969482422,76003000,55.44567,57.939998626708984,0.0,-2.3699989318847656
2013-12-23,55.5,58.31999969482422,55.45000076293945,57.77000045776367,57.77000045776367,98297000,55.136723,57.599998474121094,0.0,0.17000198364257812
2013-12-24,58.27000045776367,58.58000183105469,56.90999984741211,57.959999084472656,57.959999084472656,46617800,57.04777,57.18999862670899,0.0,0.7700004577636648
2014-01-15,57.97999954223633,58.56999969482422,57.27000045776367,57.599998474121094,57.599998474121094,33663400,60.01352,62.15999984741211,4.560001373291016,0.0
2014-01-21,56.599998474121094,58.58000183105469,56.5,58.5099983215332,58.5099983215332,48669200,59.895565,64.8499984741211,6.340000152587891,0.0
2014-01-29,54.61000061035156,54.95000076293945,53.189998626708984,53.529998779296875,53.529998779296875,92995600,54.998993,69.62999725341797,16.099998474121094,0.0
2014-01-30,62.119998931884766,62.5,60.459999084472656,61.08000183105469,61.08000183105469,150178900,55.28832,68.58999633789062,0.0,-7.5099945068359375
2014-01-31,60.470001220703125,63.369998931884766,60.16999816894531,62.56999969482422,62.56999969482422,87794600,57.11266,70.77999877929688,0.0,-8.209999084472656
2014-02-04,62.04999923706055,63.13999938964844,61.81999969482422,62.75,62.75,45985500,62.270607,69.26000213623047,0.0,-6.510002136230469
2014-02-06,61.459999084472656,62.779998779296875,61.459999084472656,62.15999984741211,62.15999984741211,42086500,65.556435,68.45999908447266,6.299999237060547,0.0
2014-02-12,64.91999816894531,65.05999755859375,64.05000305175781,64.44999694824219,64.44999694824219,47282100,67.48594,70.83999633789062,6.3899993896484375,0.0
2014-02-13,64.18000030517578,67.33000183105469,64.05000305175781,67.33000183105469,67.33000183105469,61911700,67.662895,69.80000305175781,2.470001220703125,0.0
2014-02-19,67.05000305175781,69.08000183105469,67.0,68.05999755859375,68.05999755859375,62087100,69.477104,70.87999725341797,2.8199996948242188,0.0
2014-02-27,69.33999633789062,70.01000213623047,68.87000274658203,68.94000244140625,68.94000244140625,41653700,72.31594,66.97000122070312,-1.970001220703125,0.0
2014-02-28,69.47000122070312,69.87999725341797,67.37999725341797,68.45999908447266,68.45999908447266,66783700,72.07316,67.23999786376953,-1.220001220703125,0.0
2014-03-03,66.95999908447266,68.05000305175781,66.51000213623047,67.41000366210938,67.41000366210938,56824100,71.28296,64.0999984741211,-3.3100051879882812,0.0
2014-03-04,68.66000366210938,68.9000015258789,67.62000274658203,68.80000305175781,68.80000305175781,42013500,70.860535,64.88999938964844,-3.910003662109375,0.0
2014-03-06,71.87999725341797,71.88999938964844,70.25,70.83999633789062,70.83999633789062,46026500,71.40386,60.970001220703125,-9.8699951171875,0.0
2014-03-07,71.08000183105469,71.18000030517578,69.47000122070312,69.80000305175781,69.80000305175781,38927000,72.03655,60.0099983215332,-9.79000473022461,0.0
2014-03-24,67.19000244140625,67.36000061035156,63.36000061035156,64.0999984741211,64.0999984741211,85696000,67.85786,58.889999389648445,-5.209999084472649,0.0
2014-04-08,57.68000030517578,58.709999084472656,57.16999816894531,58.189998626708984,58.189998626708984,78836000,58.143135,59.779998779296875,0.0,-1.5900001525878906
2014-04-21,59.459999084472656,61.2400016784668,59.150001525878906,61.2400016784668,61.2400016784668,60364000,61.263847,59.83000183105468,-1.4099998474121165,0.0
2014-04-23,63.45000076293945,63.47999954223633,61.2599983215332,61.36000061035156,61.36000061035156,95908700,63.45878,59.22999954223633,-2.1300010681152344,0.0
2014-04-24,63.599998474121094,63.650001525878906,59.77000045776367,60.869998931884766,60.869998931884766,138769000,63.22451,57.91999816894531,-2.950000762939453,0.0
2014-04-25,59.970001220703125,60.0099983215332,57.56999969482422,57.709999084472656,57.709999084472656,92502000,62.460155,58.02000045776367,0.3100013732910156,0.0
2014-04-30,57.58000183105469,59.849998474121094,57.15999984741211,59.779998779296875,59.779998779296875,76093000,59.51124,60.490001678466804,0.0,-0.710002899169929
2014-05-09,56.849998474121094,57.650001525878906,56.380001068115234,57.2400016784668,57.2400016784668,52584000,60.345516,63.08000183105468,5.8400001525878835,0.0
2014-05-12,57.97999954223633,59.900001525878906,57.97999954223633,59.83000183105469,59.83000183105469,48575000,60.182785,62.869998931884766,3.039997100830078,0.0
2014-05-16,58.310001373291016,58.45000076293945,57.310001373291016,58.02000045776367,58.02000045776367,47933000,60.85553,62.88000106811524,4.86000061035157,0.0
2014-05-19,57.88999938964844,59.560001373291016,57.56999969482422,59.209999084472656,59.209999084472656,43034000,60.776707,65.7699966430664,6.55999755859375,0.0
2014-05-23,60.40999984741211,61.45000076293945,60.150001525878906,61.349998474121094,61.349998474121094,38294000,61.975628,64.19000244140625,2.8400039672851562,0.0
2014-06-09,62.400001525878906,63.34000015258789,61.790000915527344,62.880001068115234,62.880001068115234,37617000,65.08977,67.29000091552734,4.409999847412109,0.0
2014-06-13,64.69999694824219,64.97000122070312,63.83000183105469,64.5,64.5,29419000,66.397194,65.29000091552734,0.7900009155273438,0.0
2014-07-01,67.58000183105469,68.44000244140625,67.38999938964844,68.05999755859375,68.05999755859375,33243000,69.70006,71.29000091552734,3.2300033569335938,0.0
2014-07-07,66.30000305175781,66.56999969482422,65.12000274658203,65.29000091552734,65.29000091552734,28745000,69.29056,74.91999816894531,9.629997253417969,0.0
2014-07-30,74.20999908447266,75.19000244140625,74.12999725341797,74.68000030517578,74.68000030517578,36853000,77.79202,74.80999755859375,0.12999725341796875,0.0
2014-08-07,73.0,74.0,72.69999694824219,73.16999816894531,73.16999816894531,38141000,75.09245,73.86000061035156,0.69000244140625,0.0
2014-08-11,73.45999908447266,73.91000366210938,73.05999755859375,73.44000244140625,73.44000244140625,24591000,75.14039,76.68000030517578,3.2399978637695312,0.0
2014-08-15,74.31999969482422,74.6500015258789,73.0,73.62999725341797,73.62999725341797,38846600,75.66619,77.88999938964844,4.260002136230469,0.0
2014-08-18,74.0,74.72000122070312,73.95999908447266,74.58999633789062,74.58999633789062,23974000,75.95126,76.66999816894531,2.0800018310546875,0.0
2014-08-28,74.0,74.43000030517578,73.7300033569336,73.86000061035156,73.86000061035156,21947000,76.86831,77.91000366210938,4.0500030517578125,0.0
2014-09-03,77.13999938964844,77.4800033569336,75.5999984741211,75.83000183105469,75.83000183105469,32389000,76.99788,78.54000091552734,2.7099990844726562,0.0
2014-09-11,77.12999725341797,78.36000061035156,77.05000305175781,77.91999816894531,77.91999816894531,32219000,79.382416,77.08000183105469,-0.839996337890625,0.0
2014-09-16,73.5199966430664,76.2300033569336,73.06999969482422,76.08000183105469,76.08000183105469,37742000,77.995155,76.29000091552734,0.20999908447265625,0.0
2014-10-07,77.05000305175781,77.94999694824219,76.23999786376953,76.29000091552734,76.29000091552734,25317000,79.39685,80.7699966430664,4.4799957275390625,0.0
2014-10-09,77.27999877929688,77.76000213623047,75.8499984741211,75.91000366210938,75.91000366210938,32487000,78.72803,74.11000061035156,-1.8000030517578125,0.0
2014-10-20,75.5999984741211,77.08999633789062,75.37999725341797,76.94999694824219,76.94999694824219,34701000,74.11672,75.0,0.0,1.9499969482421875
2014-10-21,77.55999755859375,78.73999786376953,77.1500015258789,78.69000244140625,78.69000244140625,32252000,76.13274,74.61000061035156,0.0,4.0800018310546875
2014-10-22,78.81999969482422,79.8499984741211,78.01000213623047,78.37000274658203,78.37000274658203,41862000,78.13162,74.72000122070312,0.0,3.6500015258789062
2014-10-29,75.44999694824219,76.87999725341797,74.77999877929688,75.86000061035156,75.86000061035156,106120000,81.194916,73.33000183105469,-2.529998779296875,0.0
2014-11-17,74.87999725341797,75.66000366210938,73.87999725341797,74.23999786376953,74.23999786376953,28701200,76.68067,76.83999633789062,2.5999984741210938,0.0
2014-12-03,75.37999725341797,75.7300033569336,74.4000015258789,74.87999725341797,74.87999725341797,16689900,78.4077,80.7699966430664,5.8899993896484375,0.0
2014-12-04,74.83000183105469,75.55000305175781,74.66000366210938,75.23999786376953,75.23999786376953,14362800,78.18705,80.77999877929688,5.540000915527344,0.0
2014-12-08,76.18000030517578,77.25,75.4000015258789,76.5199966430664,76.5199966430664,25733900,77.99166,79.22000122070312,2.7000045776367188,0.0
2014-12-11,76.5199966430664,78.5199966430664,76.4800033569336,77.7300033569336,77.7300033569336,33462100,78.14747,77.19000244140625,-0.5400009155273438,0.0
2014-12-23,82.0199966430664,82.16999816894531,80.4000015258789,80.61000061035156,80.61000061035156,19865800,81.48704,74.05000305175781,-6.55999755859375,0.0
2014-12-24,81.02999877929688,81.43000030517578,80.75,80.7699966430664,80.7699966430664,7685500,82.8625,75.18000030517578,-5.589996337890625,0.0
2015-01-09,78.19999694824219,78.62000274658203,77.19999694824219,77.73999786376953,77.73999786376953,21157000,78.33772,74.98999786376953,-2.75,0.0
2015-01-15,76.4000015258789,76.56999969482422,73.54000091552734,74.05000305175781,74.05000305175781,34134000,77.691216,74.47000122070312,0.4199981689453125,0.0
2015-01-23,77.6500015258789,78.19000244140625,77.04000091552734,77.83000183105469,77.83000183105469,16746500,78.43683,75.73999786376953,-2.0900039672851562,0.0
2015-02-02,76.11000061035156,76.13999938964844,73.75,74.98999786376953,74.98999786376953,41955300,77.39722,78.44999694824219,3.4599990844726562,0.0
2015-02-20,79.55000305175781,80.33999633789062,79.19999694824219,79.9000015258789,79.9000015258789,36931700,79.228676,78.05000305175781,0.0,1.8499984741210938
2015-02-26,79.87999725341797,81.37000274658203,79.72000122070312,80.41000366210938,80.41000366210938,31111900,81.91329,82.75,2.339996337890625,0.0
2015-03-02,79.0,79.86000061035156,78.5199966430664,79.75,79.75,21662500,82.161705,84.43000030517578,4.680000305175781,0.0
2015-03-03,79.61000061035156,79.69999694824219,78.5199966430664,79.5999984741211,79.5999984741211,18635000,82.121635,85.30999755859375,5.709999084472656,0.0
2015-03-04,79.30000305175781,81.1500015258789,78.8499984741211,80.9000015258789,80.9000015258789,28126700,82.082794,82.91999816894531,2.0199966430664062,0.0
2015-03-19,81.12000274658203,83.0,81.0,82.75,82.75,42099500,81.014046,82.04000091552734,0.0,0.7099990844726562
2015-03-20,83.38999938964844,84.5999984741211,83.06999969482422,83.80000305175781,83.80000305175781,44466300,82.26655,83.01000213623047,0.0,0.7900009155273438
2015-03-27,83.37999725341797,83.94999694824219,82.87999725341797,83.30000305175781,83.30000305175781,18372600,86.633606,83.08999633789062,-0.2100067138671875,0.0
2015-04-06,80.80000305175781,82.80999755859375,80.80000305175781,82.44000244140625,82.44000244140625,19062900,84.422134,81.91000366210938,-0.529998779296875,0.0
2015-04-07,82.6500015258789,83.41999816894531,82.22000122070312,82.31999969482422,82.31999969482422,17467000,84.25196,80.68000030517578,-1.6399993896484375,0.0
2015-04-09,82.5,82.80000305175781,81.70999908447266,82.16999816894531,82.16999816894531,15927300,84.21911,78.7699966430664,-3.4000015258789062,0.0
2015-04-21,84.0,84.48999786376953,83.54000091552734,83.62000274658203,83.62000274658203,27171900,84.3014,77.45999908447266,-6.160003662109375,0.0
2015-04-24,82.7699966430664,82.94000244140625,81.4800033569336,81.52999877929688,81.52999877929688,29660400,84.22516,80.41999816894531,-1.1100006103515625,0.0
2015-04-29,80.01000213623047,81.38999938964844,79.5199966430664,80.47000122070312,80.47000122070312,26430300,83.47257,80.55000305175781,0.0800018310546875,0.0
2015-04-30,80.01000213623047,80.95999908447266,78.31999969482422,78.7699966430664,78.7699966430664,28999000,82.664955,80.4800033569336,1.7100067138671875,0.0
2015-05-05,78.55000305175781,78.80000305175781,77.22000122070312,77.55999755859375,77.55999755859375,22311300,80.64761,80.55000305175781,2.9900054931640625,0.0
2015-05-12,77.87000274658203,77.88999938964844,76.79000091552734,77.45999908447266,77.45999908447266,21285300,79.6943,82.44000244140625,4.980003356933594,0.0
2015-05-14,78.94000244140625,81.8499984741211,78.66999816894531,81.37000274658203,81.37000274658203,49438000,79.91619,82.13999938964844,0.0,-0.7699966430664062
2015-05-15,81.41000366210938,81.5199966430664,80.18000030517578,80.41999816894531,80.41999816894531,27069900,80.69521,80.66999816894531,0.25,0.0
2015-05-20,80.47000122070312,81.0999984741211,79.45999908447266,80.55000305175781,80.55000305175781,23056900,82.975105,81.83000183105469,1.279998779296875,0.0
2015-05-27,79.5999984741211,80.66000366210938,79.43000030517578,80.55000305175781,80.55000305175781,14160900,82.929,81.79000091552734,1.2399978637695312,0.0
2015-05-29,79.94999694824219,80.06999969482422,78.87999725341797,79.19000244140625,79.19000244140625,16134600,82.47877,82.51000213623047,3.3199996948242188,0.0
2015-06-22,83.41000366210938,84.97000122070312,83.30999755859375,84.73999786376953,84.73999786376953,29383100,84.319305,89.68000030517578,0.0,-4.94000244140625
2015-06-23,84.95999908447266,87.97000122070312,84.76000213623047,87.87999725341797,87.87999725341797,50667900,85.24281,89.76000213623047,0.0,-1.8800048828125
2015-06-29,86.61000061035156,87.5,85.7300033569336,85.80000305175781,85.80000305175781,35957900,89.91297,98.38999938964844,12.589996337890625,0.0
2015-07-08,86.29000091552734,86.75,85.44999694824219,85.6500015258789,85.6500015258789,24399300,89.00808,96.98999786376953,11.339996337890625,0.0
2015-07-09,86.7300033569336,87.5999984741211,85.6500015258789,85.87999725341797,85.87999725341797,23307400,88.7004,95.20999908447266,9.330001831054688,0.0
2015-07-15,90.0,90.98999786376953,89.41999816894531,89.76000213623047,89.76000213623047,30886600,91.09741,96.44000244140625,6.680000305175781,0.0
2015-07-20,95.8499984741211,98.5999984741211,95.36000061035156,97.91000366210938,97.91000366210938,54860500,94.72919,94.1500015258789,0.0,3.7600021362304688
2015-08-03,93.52999877929688,95.08000183105469,92.80000305175781,94.13999938964844,94.13999938964844,29343100,95.89142,82.08999633789062,-12.050003051757812,0.0
2015-08-13,94.05000305175781,94.7300033569336,93.3499984741211,93.43000030517578,93.43000030517578,17451800,96.37268,88.1500015258789,-5.279998779296875,0.0
2015-08-19,94.62999725341797,96.0999984741211,94.16000366210938,95.30999755859375,95.30999755859375,23251300,96.67277,91.98000335693358,-3.3299942016601705,0.0
2015-08-27,89.0999984741211,90.05999755859375,87.19000244140625,89.7300033569336,89.7300033569336,42431400,84.89456,94.4000015258789,0.0,-4.6699981689453125
2015-09-16,92.9000015258789,93.5999984741211,92.62999725341797,93.44999694824219,93.44999694824219,16321200,95.512825,92.4000015258789,-1.0499954223632812,0.0
2015-09-17,93.37000274658203,95.51000213623047,92.9000015258789,94.33999633789062,94.33999633789062,27841800,96.05634,92.47000122070312,-1.8699951171875,0.0
2015-09-18,93.19999694824219,95.19000244140625,93.05000305175781,94.4000015258789,94.4000015258789,62300000,95.953415,93.23999786376953,-1.160003662109375,0.0
2015-09-23,93.4000015258789,94.31999969482422,92.80000305175781,93.97000122070312,93.97000122070312,21701400,96.43316,94.0699996948242,0.09999847412107954,0.0
2015-09-29,89.0999984741211,90.05999755859375,85.72000122070312,86.66999816894531,86.66999816894531,42281800,93.14632,96.99999999999999,10.330001831054673,0.0
2015-09-30,88.44000244140625,90.0199966430664,88.01000213623047,89.9000015258789,89.9000015258789,36169100,91.6196,97.11000061035156,7.209999084472656,0.0
2015-10-01,90.05000305175781,90.94999694824219,88.36000061035156,90.94999694824219,90.94999694824219,29283700,90.91476,99.66999816894531,0.0,-8.720001220703125
2015-10-14,94.08000183105469,95.19999694824219,93.61000061035156,94.06999969482422,94.06999969482422,19253400,96.64363,103.94000244140626,9.870002746582045,0.0
2015-11-10,105.95999908447266,108.1500015258789,105.23999786376953,107.91000366210938,107.91000366210938,25031700,109.26933,106.06999969482422,-1.8400039672851562,0.0
2015-11-16,103.31999969482422,104.16999816894531,100.47000122070312,104.04000091552734,104.04000091552734,49309200,108.86431,106.48999786376953,2.4499969482421875,0.0
2015-11-17,104.62000274658203,106.19999694824219,104.13999938964844,105.12999725341797,105.12999725341797,26807200,107.81745,104.5999984741211,-0.529998779296875,0.0
2015-11-20,106.83999633789062,107.87000274658203,106.62000274658203,107.31999969482422,107.31999969482422,22129600,108.35649,104.66000366210938,-2.6599960327148438,0.0
2015-12-02,107.0,107.91999816894531,105.79000091552734,106.06999969482422,106.06999969482422,24429100,108.0914,104.62999725341797,-1.44000244140625,0.0
2015-12-03,106.2699966430664,106.8499984741211,103.3499984741211,104.37999725341797,104.37999725341797,23236500,107.88997,105.01999664306642,0.6399993896484517,0.0
2015-12-08,104.0,106.91000366210938,103.94999694824219,106.48999786376953,106.48999786376953,20401800,107.88921,106.22000122070312,-0.26999664306640625,0.0
2015-12-17,107.48999786376953,107.75,106.12999725341797,106.22000122070312,106.22000122070312,21675700,107.16354,97.51000213623048,-8.709999084472642,0.0
2015-12-23,105.88999938964844,106.11000061035156,103.86000061035156,104.62999725341797,104.62999725341797,19599700,107.61131,94.97000122070312,-9.659996032714844,0.0
2015-12-24,104.73999786376953,105.31999969482422,104.5,105.0199966430664,105.0199966430664,6501800,107.71993,95.26000213623047,-9.759994506835938,0.0
2016-01-04,101.94999694824219,102.23999786376953,99.75,102.22000122070312,102.22000122070312,37912400,107.16371,97.33999633789064,-4.880004882812486,0.0
2016-01-07,100.5,101.43000030517578,97.30000305175781,97.91999816894531,97.91999816894531,45172900,103.23541,112.20999908447266,14.290000915527344,0.0
2016-01-27,97.79000091552734,97.8499984741211,94.2300033569336,94.44999694824219,94.44999694824219,58699400,98.13195,103.47000122070314,9.020004272460952,0.0
2016-02-09,97.13999938964844,102.4000015258789,96.81999969482422,99.54000091552734,99.54000091552734,62709000,107.49218,109.9499969482422,10.409996032714858,0.0
2016-02-23,106.8499984741211,107.47000122070312,105.12000274658203,105.45999908447266,105.45999908447266,25319300,107.55984,110.6699981689453,5.209999084472642,0.0
2016-02-24,104.20999908447266,106.94999694824219,102.73999786376953,106.87999725341797,106.87999725341797,34412400,108.19107,112.1800003051758,5.300003051757827,0.0
2016-02-26,108.69999694824219,109.44999694824219,107.16000366210938,107.91999816894531,107.91999816894531,26686200,109.86126,111.4499969482422,3.529998779296889,0.0
2016-03-09,106.69999694824219,107.51000213623047,105.48999786376953,107.51000213623047,107.51000213623047,20493300,109.887375,114.0999984741211,6.589996337890625,0.0
2016-03-16,110.48999786376953,112.5,110.0999984741211,112.18000030517578,112.18000030517578,24744800,112.108765,113.63999938964847,0.0,-1.4599990844726847
2016-03-21,111.66000366210938,112.37000274658203,111.02999877929688,111.8499984741211,111.8499984741211,18448000,113.98551,110.61000061035159,-1.2399978637695028,0.0
2016-03-30,116.7300033569336,116.98999786376953,114.36000061035156,114.69999694824219,114.69999694824219,33235200,116.76913,112.41999816894531,-2.279998779296875,0.0
2016-04-04,114.06999969482422,114.55000305175781,111.61000061035156,112.55000305175781,112.55000305175781,48487900,116.77364,110.09999847412111,-2.4500045776367045,0.0
2016-04-12,109.33999633789062,111.16000366210938,108.98999786376953,110.61000061035156,110.61000061035156,26248100,112.857414,117.4300003051758,6.819999694824233,0.0
2016-04-18,109.73999786376953,110.80999755859375,109.19999694824219,110.44999694824219,110.44999694824219,21167200,111.75361,119.23999786376956,8.790000915527372,0.0
2016-04-19,111.0999984741211,112.44999694824219,109.16000366210938,112.29000091552734,112.29000091552734,30210500,112.196236,120.5,0.0,-8.209999084472656
2016-05-13,120.37999725341797,120.63999938964844,119.68000030517578,119.80999755859375,119.80999755859375,18124300,123.31537,118.79000091552736,-1.019996643066392,0.0
2016-06-01,118.5,119.08000183105469,117.81999969482422,118.77999877929688,118.77999877929688,15029500,121.33566,113.9100036621094,-4.869995117187472,0.0
2016-06-06,118.62000274658203,119.43000030517578,118.36000061035156,118.79000091552734,118.79000091552734,12744700,121.6422,108.97000122070312,-9.819999694824219,0.0
2016-06-08,117.76000213623047,118.5999984741211,117.2699966430664,118.38999938964844,118.38999938964844,14505600,121.23021,114.16000366210938,-4.2299957275390625,0.0
2016-06-13,115.0,115.4800033569336,113.30999755859375,113.94999694824219,113.94999694824219,31718200,119.216774,114.1999969482422,0.2500000000000142,0.0
2016-06-21,114.12000274658203,115.20999908447266,113.97000122070312,114.37999725341797,114.37999725341797,19166300,115.4474,116.77999877929688,2.4000015258789062,0.0
2016-06-30,114.66999816894531,115.18000030517578,113.66999816894531,114.27999877929688,114.27999877929688,23192700,114.448074,121.00000000000001,6.720001220703139,0.0
2016-07-07,116.62999725341797,116.97000122070312,115.36000061035156,115.8499984741211,115.8499984741211,16630200,117.45287,125.0,9.150001525878906,0.0
2016-07-18,117.31999969482422,119.61000061035156,116.88999938964844,119.37000274658203,119.37000274658203,20868400,120.7723,125.26000213623047,5.8899993896484375,0.0
2016-07-27,122.41999816894531,125.0,121.51000213623047,123.33999633789062,123.33999633789062,52654200,123.90531,124.37000274658205,1.0300064086914205,0.0
2016-07-29,124.6500015258789,125.83999633789062,123.70999908447266,123.94000244140625,123.94000244140625,35058800,125.17118,123.55999755859376,-0.3800048828124858,0.0
2016-08-05,124.9800033569336,125.83999633789062,124.62000274658203,125.1500015258789,125.1500015258789,20184000,127.01943,124.95999908447268,-0.19000244140622158,0.0
2016-08-09,125.33999633789062,126.08999633789062,124.52999877929688,125.05999755859375,125.05999755859375,19621000,127.77896,125.83999633789065,0.7799987792969034,0.0
2016-08-25,123.12000274658203,124.37000274658203,123.0999984741211,123.88999938964844,123.88999938964844,10730800,126.52676,129.07000732421878,5.180007934570341,0.0
2016-08-30,126.5999984741211,126.5999984741211,125.1500015258789,125.83999633789062,125.83999633789062,17804300,127.450066,129.94000244140628,4.100006103515653,0.0
2016-09-06,126.66999816894531,129.94000244140625,126.47000122070312,129.72999572753906,129.72999572753906,26278400,129.36084,128.69000244140625,0.0,1.0399932861328125
2016-09-09,129.7100067138672,129.9499969482422,127.0999984741211,127.0999984741211,127.0999984741211,27100700,131.97662,128.27000427246097,1.1700057983398722,0.0
2016-09-12,125.95999908447266,128.75999450683594,125.75,128.69000244140625,128.69000244140625,21252800,131.71092,128.77000427246094,0.0800018310546875,0.0
2016-09-21,129.1300048828125,130.00999450683594,128.38999938964844,129.94000244140625,129.94000244140625,14068300,131.51915,129.0500030517578,-0.8899993896484375,0.0
2016-09-28,129.2100067138672,129.47000122070312,128.39999389648438,129.22999572753906,129.22999572753906,12047600,130.9985,130.11000061035156,0.8800048828125,0.0
2016-09-30,128.02999877929688,128.58999633789062,127.44999694824219,128.27000427246094,128.27000427246094,18402900,130.92372,132.07000732421875,3.8000030517578125,0.0
2016-10-11,130.22999572753906,130.63999938964844,128.22999572753906,128.8800048828125,128.8800048828125,17537900,131.82222,129.5,0.6199951171875,0.0
2016-10-12,129.00999450683594,129.66000366210938,128.4600067138672,129.0500030517578,129.0500030517578,11073000,131.9545,127.16999816894531,-1.8800048828125,0.0
2016-10-17,128.1999969482422,128.47000122070312,127.31999969482422,127.54000091552734,127.54000091552734,11351700,130.98332,122.15000152587892,-5.389999389648423,0.0
2016-10-20,130.07000732421875,130.66000366210938,129.5,130.0,130.0,13167500,131.53687,120.80000305175783,-9.199996948242173,0.0
2016-11-02,130.22999572753906,130.22999572753906,126.27999877929688,127.16999816894531,127.16999816894531,39640900,132.57928,120.83999633789062,-6.3300018310546875,0.0
2016-11-14,119.12999725341797,119.12999725341797,113.55000305175781,115.08000183105469,115.08000183105469,51377000,119.85368,117.30999755859376,2.2299957275390767,0.0
2016-11-21,118.19999694824219,121.94999694824219,117.80000305175781,121.7699966430664,121.7699966430664,35415400,119.21323,120.30999755859378,0.0,1.4599990844726278
2016-11-22,122.4000015258789,122.9800033569336,120.9000015258789,121.47000122070312,121.47000122070312,26089200,120.75551,120.20999908447266,0.0,1.2600021362304688
2016-11-23,121.2300033569336,121.30999755859375,119.94000244140625,120.83999633789062,120.83999633789062,15672100,122.17863,120.5699996948242,-0.26999664306642046,0.0
2016-11-25,121.01000213623047,121.13999938964844,120.06999969482422,120.37999725341797,120.37999725341797,8658600,123.30324,119.87000274658205,-0.5099945068359233,0.0
2016-12-05,115.94999694824219,117.56999969482422,115.06999969482422,117.43000030517578,117.43000030517578,20201500,119.42652,118.01000213623045,0.5800018310546733,0.0
2016-12-23,117.0,117.55999755859375,116.30000305175781,117.2699966430664,117.2699966430664,10890000,121.30111,127.91999816894534,10.650001525878935,0.0
2016-12-27,116.95999908447266,118.68000030517578,116.86000061035156,118.01000213623047,118.01000213623047,12051500,120.723785,127.55000305175781,9.540000915527344,0.0
2017-01-10,124.81999969482422,125.5,124.27999877929688,124.3499984741211,124.3499984741211,17324600,124.87781,133.22999572753906,8.879997253417969,0.0
2017-01-11,124.3499984741211,126.12000274658203,124.05999755859375,126.08999633789062,126.08999633789062,18356500,126.57838,130.83999633789062,4.75,0.0
2017-01-12,125.61000061035156,126.7300033569336,124.80000305175781,126.62000274658203,126.62000274658203,18653900,127.95153,130.97999572753906,4.359992980957031,0.0
2017-01-20,128.10000610351562,128.47999572753906,126.77999877929688,127.04000091552734,127.04000091552734,19097200,131.5804,134.19000244140628,7.150001525878935,0.0
2017-01-31,130.1699981689453,130.66000366210938,129.52000427246094,130.32000732421875,130.32000732421875,19790500,134.09604,136.1199951171875,5.79998779296875,0.0
2017-02-03,131.24000549316406,132.85000610351562,130.75999450683594,130.97999572753906,130.97999572753906,24804900,133.67653,136.4100036621094,5.430007934570341,0.0
2017-02-09,134.49000549316406,134.5,133.30999755859375,134.13999938964844,134.13999938964844,16470600,135.64587,137.16999816894534,3.0299987792969034,0.0
2017-02-15,133.4499969482422,133.6999969482422,132.66000366210938,133.44000244140625,133.44000244140625,13226500,137.0553,138.2400054931641,4.800003051757841,0.0
2017-02-21,133.5,133.91000366210938,132.89999389648438,133.72000122070312,133.72000122070312,14759100,136.59705,139.32000732421878,5.600006103515653,0.0
2017-03-01,136.47000122070312,137.47999572753906,136.3000030517578,137.4199981689453,137.4199981689453,16257000,138.8102,139.58999633789065,2.169998168945341,0.0
2017-03-02,137.08999633789062,137.82000732421875,136.30999755859375,136.75999450683594,136.75999450683594,12294800,139.34164,139.52999877929688,2.7700042724609375,0.0
2017-03-07,137.02999877929688,138.3699951171875,136.99000549316406,137.3000030517578,137.3000030517578,13527100,140.22183,141.75999450683594,4.459991455078125,0.0
2017-03-17,140.33999633789062,140.33999633789062,139.6999969482422,139.83999633789062,139.83999633789062,20592800,142.49734,140.77999877929688,0.94000244140625,0.0
2017-04-03,141.92999267578125,142.47000122070312,140.82000732421875,142.27999877929688,142.27999877929688,13564000,145.034,146.49000549316406,4.2100067138671875,0.0
2017-04-07,141.1999969482422,141.5500030517578,140.24000549316406,140.77999877929688,140.77999877929688,11818300,144.60954,152.4600067138672,11.680007934570312,0.0
2017-04-18,141.27000427246094,141.91000366210938,140.61000061035156,140.9600067138672,140.9600067138672,14807500,142.92622,150.4799957275391,9.519989013671903,0.0
2017-04-28,149.5,151.52999877929688,149.07000732421875,150.25,150.25,30652200,150.5126,148.05999755859378,-2.1900024414062216,0.0
2017-05-01,151.74000549316406,152.57000732421875,151.4199981689453,152.4600067138672,152.4600067138672,25218300,152.01022,148.24000549316406,0.0,4.220001220703125
2017-05-02,153.33999633789062,153.44000244140625,151.66000366210938,152.77999877929688,152.77999877929688,21870400,153.56425,148.07000732421878,-4.709991455078097,0.0
2017-05-15,150.1699981689453,151.47999572753906,149.77000427246094,150.19000244140625,150.19000244140625,15064700,153.35352,152.80999755859375,2.6199951171875,0.0
2017-05-17,148.0,148.6699981689453,144.4199981689453,144.85000610351562,144.85000610351562,28300100,151.80777,154.7100067138672,9.860000610351562,0.0
2017-05-22,148.0800018310547,148.58999633789062,147.69000244140625,148.24000549316406,148.24000549316406,12586700,150.03854,150.67999267578125,2.4399871826171875,0.0
2017-06-01,151.75,152.2899932861328,150.3000030517578,151.52999877929688,151.52999877929688,14530600,154.89217,153.3999938964844,1.8699951171875284,0.0
2017-06-05,153.63999938964844,154.7100067138672,153.41000366210938,153.6300048828125,153.6300048828125,12520400,155.84967,153.58999633789065,-0.04000854492184658,0.0
2017-06-08,154.0800018310547,154.72999572753906,153.10000610351562,154.7100067138672,154.7100067138672,17799400,156.69931,151.03999328613284,-3.6700134277343466,0.0
2017-06-14,151.25999450683594,152.39999389648438,149.0500030517578,150.25,150.25,20808800,152.58667,148.82000732421875,-1.42999267578125,0.0
2017-06-27,152.83999633789062,153.30999755859375,150.38999938964844,150.5800018310547,150.5800018310547,19360800,156.63947,164.13999938964844,13.55999755859375,0.0
2017-06-28,150.9199981689453,153.47000122070312,149.86000061035156,153.24000549316406,153.24000549316406,16719100,156.18481,164.52999877929688,11.289993286132812,0.0
2017-07-03,151.72000122070312,152.14999389648438,147.8000030517578,148.42999267578125,148.42999267578125,13862700,153.97662,165.27999877929688,16.850006103515625,0.0
2017-07-14,160.1300048828125,160.32000732421875,159.3300018310547,159.97000122070312,159.97000122070312,16371200,160.40672,169.61999511718753,9.649993896484403,0.0
2017-07-18,159.66000366210938,163.72999572753906,159.4199981689453,162.86000061035156,162.86000061035156,23722900,163.34291,171.2299957275391,8.369995117187528,0.0
2017-07-19,163.58999633789062,165.6999969482422,163.1699981689453,164.13999938964844,164.13999938964844,26273600,164.80302,171.17999267578128,7.039993286132841,0.0
2017-07-25,165.00999450683594,165.5399932861328,163.86000061035156,165.27999877929688,165.27999877929688,15383200,168.5631,171.0,5.720001220703125,0.0
2017-07-28,169.07000732421875,173.42999267578125,169.0500030517578,172.4499969482422,172.4499969482422,24557600,170.85861,167.41000366210938,0.0,5.0399932861328125
2017-08-01,169.82000732421875,170.47000122070312,169.0500030517578,169.86000061035156,169.86000061035156,14385000,173.1357,169.63999938964844,-0.220001220703125,0.0
2017-08-02,170.3000030517578,170.5500030517578,166.91000366210938,169.3000030517578,169.3000030517578,17433800,173.44835,168.7100067138672,-0.589996337890625,0.0
2017-08-09,169.97999572753906,171.4499969482422,169.55999755859375,171.17999267578125,171.17999267578125,10815000,174.12039,169.9199981689453,-1.2599945068359375,0.0
2017-08-25,167.86000061035156,168.3800048828125,166.17999267578125,166.32000732421875,166.32000732421875,12614500,170.73958,170.00999450683594,3.6899871826171875,0.0
2017-09-05,171.27000427246094,172.38999938964844,169.5500030517578,170.72000122070312,170.72000122070312,13210900,173.3978,164.2100067138672,-6.5099945068359375,0.0
2017-09-11,172.39999389648438,173.88999938964844,172.1999969482422,173.50999450683594,173.50999450683594,12372000,175.41998,169.47000122070312,-4.0399932861328125,0.0
2017-09-14,172.25999450683594,172.27999877929688,170.5,170.9600067138672,170.9600067138672,15615700,175.84633,171.2400054931641,0.2799987792969034,0.0
2017-09-15,170.8800048828125,172.33999633789062,170.25999450683594,171.63999938964844,171.63999938964844,15660500,175.36421,172.22999572753906,0.589996337890625,0.0
2017-09-26,164.5,165.5,162.77999877929688,164.2100067138672,164.2100067138672,23363300,170.08488,176.11000061035156,11.899993896484375,0.0
2017-09-29,168.8300018310547,171.66000366210938,168.80999755859375,170.8699951171875,170.8699951171875,15340400,169.72623,174.97999572753906,0.0,-4.1100006103515625
2017-10-09,172.6999969482422,174.8800048828125,172.0,172.5,172.5,14570400,174.12614,179.86999511718753,7.369995117187528,0.0
2017-10-10,173.0,173.1999969482422,170.8000030517578,171.58999633789062,171.58999633789062,11341100,174.7989,180.05999755859378,8.470001220703153,0.0
2017-10-17,174.7100067138672,176.1300048828125,174.36000061035156,176.11000061035156,176.11000061035156,15990100,177.3862,180.25000000000003,4.139999389648466,0.0
2017-10-19,174.92999267578125,176.02999877929688,172.6300048828125,174.55999755859375,174.55999755859375,14048400,178.37485,179.3000030517578,4.7400054931640625,0.0
2017-10-31,180.57000732421875,180.8000030517578,178.94000244140625,180.05999755859375,180.05999755859375,20174200,178.73004,181.86000061035156,0.0,-1.8000030517578125
2017-11-06,178.55999755859375,180.4499969482422,178.30999755859375,180.1699981689453,180.1699981689453,13312700,182.8241,182.41999816894534,2.2500000000000284,0.0
2017-11-07,180.5,180.75,178.9600067138672,180.25,180.25,12928200,183.2206,175.13000488281253,-5.119995117187472,0.0
2017-11-08,179.7899932861328,180.35000610351562,179.11000061035156,179.55999755859375,179.55999755859375,10494100,183.42749,177.17999267578125,-2.3800048828125,0.0
2017-11-20,178.8699951171875,179.5,178.10000610351562,178.74000549316406,178.74000549316406,10052400,181.6303,176.96000671386722,-1.7799987792968466,0.0
2017-11-21,179.14999389648438,181.88999938964844,178.99000549316406,181.86000061035156,181.86000061035156,14504000,182.08618,178.30000305175784,-3.5599975585937216,0.0
2017-11-27,182.55999755859375,183.72999572753906,181.99000549316406,183.02999877929688,183.02999877929688,12344500,184.43735,180.82000732421875,-2.209991455078125,0.0
2017-12-07,175.8000030517578,180.38999938964844,175.8000030517578,180.13999938964844,180.13999938964844,20404500,176.67146,176.4600067138672,0.0,3.67999267578125
2017-12-18,181.00999450683594,181.3000030517578,179.75,180.82000732421875,180.82000732421875,17265400,182.33772,187.83999633789062,7.019989013671875,0.0
2017-12-22,177.13999938964844,177.52999877929688,176.22999572753906,177.1999969482422,177.1999969482422,8509500,181.76784,177.60000610351562,0.4000091552734375,0.0
2018-01-02,177.67999267578125,181.5800018310547,177.5500030517578,181.4199981689453,181.4199981689453,18151900,180.72423,186.5500030517578,0.0,-5.1300048828125
2018-01-03,181.8800048828125,184.77999877929688,181.3300018310547,184.6699981689453,184.6699981689453,16886600,182.06206,187.4799957275391,0.0,-2.8099975585937784
2018-01-04,184.89999389648438,186.2100067138672,184.10000610351562,184.3300018310547,184.3300018310547,13880900,183.95866,190.0,0.0,-5.6699981689453125
2018-01-05,185.58999633789062,186.89999389648438,184.92999267578125,186.85000610351562,186.85000610351562,13574500,185.9781,185.97999572753906,0.0,0.8700103759765625
2018-01-09,188.6999969482422,188.8000030517578,187.10000610351562,187.8699951171875,187.8699951171875,12393100,189.62126,186.88999938964844,-0.9799957275390625,0.0
2018-01-10,186.94000244140625,187.88999938964844,185.6300048828125,187.83999633789062,187.83999633789062,10529900,190.63719,193.08999633789062,5.25,0.0
2018-01-22,180.8000030517578,185.38999938964844,180.41000366210938,185.3699951171875,185.3699951171875,21059500,182.40126,176.4100036621094,0.0,8.959991455078097
2018-01-25,187.9499969482422,188.6199951171875,186.60000610351562,187.47999572753906,187.47999572753906,17377700,188.48076,179.9600067138672,-7.519989013671875,0.0
2018-02-01,188.22000122070312,195.32000732421875,187.88999938964844,193.08999633789062,193.08999633789062,54211300,190.64091,183.28999328613278,0.0,9.800003051757841
2018-03-07,178.74000549316406,183.82000732421875,178.07000732421875,183.7100067138672,183.7100067138672,19097300,182.18529,153.02999877929688,0.0,30.680007934570312
2018-03-12,185.22999572753906,186.10000610351562,184.22000122070312,184.75999450683594,184.75999450683594,15301200,186.01512,156.11000061035156,-28.649993896484375,0.0
2018-03-14,182.60000610351562,184.25,181.85000610351562,184.19000244140625,184.19000244140625,16821700,187.02534,159.33999633789062,-24.850006103515625,0.0
2018-03-28,151.64999389648438,155.8800048828125,150.8000030517578,153.02999877929688,153.02999877929688,60029200,155.56276,168.10000610351562,15.07000732421875,0.0
2018-04-03,156.5500030517578,157.38999938964844,150.80999755859375,156.11000061035156,156.11000061035156,42543900,155.6682,159.69000244140625,0.0,-3.5800018310546875
2018-04-06,157.72999572753906,161.4199981689453,156.80999755859375,157.1999969482422,157.1999969482422,41644800,158.19327,173.58999633789065,16.389999389648466,0.0
2018-04-09,157.82000732421875,160.52999877929688,156.0399932861328,157.92999267578125,157.92999267578125,34915200,159.41086,172.0,14.07000732421875,0.0
2018-04-11,165.36000061035156,168.64999389648438,163.25,166.32000732421875,166.32000732421875,56144600,163.01375,176.07000732421878,0.0,-9.750000000000028
2018-04-16,165.72000122070312,165.77999877929688,163.38999938964844,164.8300018310547,164.8300018310547,18119400,168.583,177.97000122070315,13.139999389648466,0.0
2018-04-17,165.8300018310547,169.0,165.66000366210938,168.66000366210938,168.66000366210938,22743000,169.86658,178.91999816894534,10.259994506835966,0.0
2018-05-08,178.25,179.0399932861328,177.11000061035156,178.9199981689453,178.9199981689453,15577200,180.66396,187.66999816894528,8.749999999999972,0.0
2018-05-25,186.02000427246094,186.3300018310547,184.4499969482422,184.9199981689453,184.9199981689453,10965100,188.18765,198.30999755859372,13.389999389648409,0.0
2018-05-31,187.8699951171875,192.72000122070312,187.47999572753906,191.77999877929688,191.77999877929688,30782600,189.59988,201.5,0.0,-9.720001220703125
2018-06-01,193.07000732421875,194.5500030517578,192.07000732421875,193.99000549316406,193.99000549316406,17307200,191.55136,201.74000549316403,0.0,-7.749999999999972
2018-06-08,187.52999877929688,189.47999572753906,186.42999267578125,189.10000610351562,189.10000610351562,12677100,193.93289,194.32000732421875,5.220001220703125,0.0
2018-06-14,193.10000610351562,197.27999877929688,192.91000366210938,196.80999755859375,196.80999755859375,19120900,195.36592,203.22999572753903,0.0,-6.419998168945284
2018-06-21,202.75999450683594,203.38999938964844,200.08999633789062,201.5,201.5,19045700,201.76054,207.32000732421875,5.82000732421875,0.0
2018-07-02,193.3699951171875,197.4499969482422,192.22000122070312,197.36000061035156,197.36000061035156,13961600,199.19713,214.6699981689453,17.30999755859375,0.0
2018-07-13,207.80999755859375,208.42999267578125,206.4499969482422,207.32000732421875,207.32000732421875,11486800,208.04579,177.7799987792969,-29.540008544921847,0.0
2018-07-18,209.82000732421875,210.99000549316406,208.44000244140625,209.36000061035156,209.36000061035156,15334900,211.3723,185.17999267578122,-24.18000793457034,0.0
2018-08-03,177.69000244140625,178.85000610351562,176.14999389648438,177.77999877929688,177.77999877929688,24763400,172.55661,174.64999389648438,0.0,3.1300048828125
2018-08-31,177.14999389648438,177.6199951171875,174.97999572753906,175.72999572753906,175.72999572753906,18065200,179.4018,165.41000366210938,-10.319992065429688,0.0
2018-09-06,166.97999572753906,166.97999572753906,160.0,162.52999877929688,162.52999877929688,41514800,172.71805,168.83999633789062,6.30999755859375,0.0
2018-09-07,160.30999755859375,164.6300048828125,160.16000366210938,163.0399932861328,163.0399932861328,24300600,169.38808,164.4600067138672,1.420013427734375,0.0
2018-09-11,163.94000244140625,167.19000244140625,163.72000122070312,165.94000244140625,165.94000244140625,20457100,166.14702,159.3300018310547,-6.6100006103515625,0.0
2018-09-18,159.38999938964844,161.75999450683594,158.8699951171875,160.3000030517578,160.3000030517578,22465200,163.0141,157.8999938964844,-2.400009155273409,0.0
2018-09-20,164.5,166.4499969482422,164.47000122070312,166.02000427246094,166.02000427246094,18936000,164.08992,153.35000610351562,0.0,12.669998168945312
2018-09-25,161.99000549316406,165.58999633789062,161.14999389648438,164.91000366210938,164.91000366210938,27622800,165.99776,158.7799987792969,-6.130004882812472,0.0
2018-09-26,164.3000030517578,169.3000030517578,164.2100067138672,166.9499969482422,166.9499969482422,25252200,166.8816,159.4199981689453,0.0,7.529998779296875
2018-10-05,159.2100067138672,160.89999389648438,156.1999969482422,157.3300018310547,157.3300018310547,25744000,162.97545,145.36999511718753,-11.960006713867159,0.0
2018-10-08,155.5399932861328,158.33999633789062,154.38999938964844,157.25,157.25,24046000,161.35883,142.08999633789062,-15.160003662109375,0.0
2018-10-09,157.69000244140625,160.58999633789062,157.4199981689453,157.89999389648438,157.89999389648438,18844400,160.5619,146.22000122070312,-11.67999267578125,0.0
2018-10-22,154.75999450683594,157.33999633789062,154.4600067138672,154.77999877929688,154.77999877929688,15424700,158.89638,141.5500030517578,-13.229995727539062,0.0
2018-10-25,147.72999572753906,152.2100067138672,147.0,150.9499969482422,150.9499969482422,22105700,154.66597,143.85000610351562,-7.0999908447265625,0.0
2018-11-05,150.10000610351562,150.19000244140625,147.44000244140625,148.67999267578125,148.67999267578125,15971200,151.60178,135.00000000000003,-13.679992675781222,0.0
2018-11-07,151.57000732421875,153.00999450683594,149.8300018310547,151.52999877929688,151.52999877929688,21877400,153.13919,138.67999267578125,-12.850006103515625,0.0
2018-11-08,150.49000549316406,150.94000244140625,146.74000549316406,147.8699951171875,147.8699951171875,24145800,153.13805,140.61000061035156,-7.2599945068359375,0.0
2018-12-03,143.0,143.67999267578125,140.75999450683594,141.08999633789062,141.08999633789062,24819200,140.57156,134.17999267578125,0.0,6.910003662109375
2018-12-06,133.82000732421875,139.6999969482422,133.6699981689453,139.6300048828125,139.6300048828125,28218100,141.99663,133.1999969482422,-6.4300079345703125,0.0
2018-12-21,133.38999938964844,134.89999389648438,123.41999816894531,124.94999694824219,124.94999694824219,56901500,137.0555,148.94999694824222,24.00000000000003,0.0
2018-12-28,135.33999633789062,135.9199981689453,132.1999969482422,133.1999969482422,133.1999969482422,22627600,131.36697,147.57000732421875,0.0,-14.370010375976562
2019-01-07,137.55999755859375,138.8699951171875,135.91000366210938,138.0500030517578,138.0500030517578,20089300,137.50882,144.19000244140625,0.0,-6.1399993896484375
2019-01-23,148.27999877929688,148.8000030517578,143.05999755859375,144.3000030517578,144.3000030517578,20098400,151.9893,164.07000732421875,19.770004272460938,0.0
2019-01-28,148.0500030517578,148.9600067138672,146.2100067138672,147.47000122070312,147.47000122070312,15508500,150.31378,162.28999328613284,14.819992065429716,0.0
2019-02-01,165.83999633789062,169.10000610351562,165.66000366210938,165.7100067138672,165.7100067138672,30806500,158.80453,164.6199951171875,0.0,1.0900115966796875
2019-02-05,169.14999389648438,171.97999572753906,168.69000244140625,171.16000366210938,171.16000366210938,22557000,168.70615,162.80999755859378,0.0,8.350006103515597
2019-02-07,168.1999969482422,169.24000549316406,165.25,166.3800048828125,166.3800048828125,17517600,173.94879,162.2799987792969,-4.100006103515597,0.0
2019-02-14,163.19000244140625,164.8699951171875,162.25,163.9499969482422,163.9499969482422,12755200,169.68163,169.60000610351562,5.6500091552734375,0.0
2019-02-28,162.3699951171875,163.5,160.86000061035156,161.4499969482422,161.4499969482422,11114200,165.50899,166.0800018310547,4.6300048828125,0.0
2019-03-01,162.60000610351562,163.1300048828125,161.69000244140625,162.27999877929688,162.27999877929688,11097800,165.50479,164.33999633789062,2.05999755859375,0.0
2019-03-14,169.75999450683594,171.14999389648438,168.16000366210938,170.1699981689453,170.1699981689453,18037400,175.34119,176.02000427246097,5.850006103515653,0.0
2019-03-27,167.85000610351562,168.94000244140625,164.7899932861328,165.8699951171875,165.8699951171875,10620300,168.41989,178.7799987792969,12.910003662109403,0.0
2019-04-10,178.17999267578125,178.7899932861328,176.5399932861328,177.82000732421875,177.82000732421875,11701500,180.60808,192.5299987792969,14.709991455078153,0.0
2019-04-11,178.24000549316406,178.39999389648438,177.0,177.50999450683594,177.50999450683594,8071000,181.25209,195.47000122070312,17.960006713867188,0.0
2019-04-15,178.5,180.5,176.8699951171875,179.64999389648438,179.64999389648438,10834800,182.18875,189.77000427246094,10.120010375976562,0.0
2019-04-18,178.8000030517578,178.8800048828125,177.33999633789062,178.27999877929688,178.27999877929688,11655600,182.54604,188.3399963378906,10.059997558593722,0.0
2019-04-26,192.5,192.89999389648438,189.08999633789062,191.49000549316406,191.49000549316406,22075000,189.9428,185.3000030517578,0.0,6.19000244140625
2019-05-01,194.77999877929688,196.17999267578125,193.00999450683594,193.02999877929688,193.02999877929688,15996600,196.78436,185.32000732421878,-7.709991455078097,0.0
2019-06-04,163.7100067138672,168.27999877929688,160.83999633789062,167.5,167.5,46044300,175.2823,188.83999633789062,21.339996337890625,0.0
2019-06-14,180.50999450683594,181.83999633789062,180.0,181.3300018310547,181.3300018310547,16773700,180.15663,195.75999450683597,0.0,-14.429992675781278
2019-06-28,190.5500030517578,193.1999969482422,189.94000244140625,193.0,193.0,16378900,195.114,202.32000732421875,9.32000732421875,0.0
2019-07-01,195.2100067138672,195.27999877929688,191.92999267578125,193.0,193.0,14181800,195.60268,202.3600006103516,9.360000610351591,0.0
2019-07-09,194.97000122070312,199.4600067138672,194.88999938964844,199.2100067138672,199.2100067138672,14698600,199.29515,197.03999328613284,-2.1700134277343466,0.0
2019-07-16,203.88999938964844,205.47000122070312,203.10000610351562,203.83999633789062,203.83999633789062,12132700,206.23303,184.50999450683597,-19.33000183105466,0.0
2019-07-18,200.14999389648438,202.47000122070312,199.3800048828125,200.77999877929688,200.77999877929688,11937900,206.42917,190.16000366210935,-10.619995117187528,0.0
2019-07-22,199.91000366210938,202.57000732421875,198.80999755859375,202.32000732421875,202.32000732421875,13589000,204.92459,185.3699951171875,-16.95001220703125,0.0
2019-07-23,202.83999633789062,204.24000549316406,200.9600067138672,202.36000061035156,202.36000061035156,14583700,204.73912,188.4499969482422,-13.910003662109375,0.0
2019-08-15,180.9499969482422,183.1999969482422,180.02999877929688,182.58999633789062,182.58999633789062,12925900,187.02411,187.49000549316406,4.9000091552734375,0.0
2019-08-28,180.52999877929688,181.9499969482422,178.9199981689453,181.75999450683594,181.75999450683594,9386100,183.69464,190.13999938964844,8.3800048828125,0.0
2019-09-04,184.64999389648438,187.75,183.88999938964844,187.13999938964844,187.13999938964844,11308000,187.31761,182.8000030517578,-4.339996337890625,0.0
2019-09-05,188.52999877929688,191.36000061035156,187.94000244140625,190.89999389648438,190.89999389648438,13876700,188.93353,180.11000061035156,0.0,10.789993286132812
2019-09-12,189.86000061035156,190.92999267578125,187.22999572753906,187.47000122070312,187.47000122070312,11419800,191.3144,179.38000488281253,-8.089996337890597,0.0
2019-09-13,187.3300018310547,187.97000122070312,186.5399932861328,187.19000244140625,187.19000244140625,11441100,191.25438,180.4499969482422,-6.7400054931640625,0.0
2019-09-19,188.66000366210938,191.10000610351562,188.14999389648438,190.13999938964844,190.13999938964844,10392700,191.07027,180.02999877929688,-10.110000610351562,0.0
2019-09-23,189.33999633789062,190.10000610351562,185.2100067138672,186.82000732421875,186.82000732421875,13327600,191.65952,183.27999877929688,-3.540008544921875,0.0
2019-10-01,179.14999389648438,179.83999633789062,174.8800048828125,175.80999755859375,175.80999755859375,17073000,180.87224,182.33999633789062,6.529998779296875,0.0
2019-10-02,174.83999633789062,176.52999877929688,173.08999633789062,174.60000610351562,174.60000610351562,16151700,179.27301,186.14999389648438,11.54998779296875,0.0
2019-10-10,180.32000732421875,181.61000061035156,179.1699981689453,180.02999877929688,180.02999877929688,8605000,182.15631,191.6499938964844,11.619995117187528,0.0
2019-10-29,191.69000244140625,192.52999877929688,188.47000122070312,189.30999755859375,189.30999755859375,13574900,190.4675,199.32000732421872,10.010009765624972,0.0
2019-10-30,189.55999755859375,190.4499969482422,185.97999572753906,188.25,188.25,28734600,190.7816,197.50999450683597,9.259994506835966,0.0
2019-11-05,195.3699951171875,195.75,193.60000610351562,194.32000732421875,194.32000732421875,9942000,196.34915,198.97000122070312,4.649993896484375,0.0
2019-11-14,192.92999267578125,194.02999877929688,191.4499969482422,193.14999389648438,193.14999389648438,9040500,195.48471,201.0500030517578,7.9000091552734375,0.0
2019-11-18,194.55999755859375,198.6300048828125,193.0500030517578,197.39999389648438,197.39999389648438,16167200,196.94547,200.86999511718747,0.0,-3.4700012207030966
2019-11-20,198.5800018310547,199.58999633789062,195.42999267578125,197.50999450683594,197.50999450683594,12355400,199.40352,196.75,-0.7599945068359375,0.0
2019-11-21,197.4199981689453,199.08999633789062,196.86000061035156,197.92999267578125,197.92999267578125,12131000,200.30052,194.11000061035156,-3.8199920654296875,0.0
2019-11-22,198.3800048828125,199.3000030517578,197.6199951171875,198.82000732421875,198.82000732421875,9959800,201.07721,197.91999816894534,-0.9000091552734091,0.0
2019-12-05,199.86000061035156,201.2899932861328,198.2100067138672,199.36000061035156,199.36000061035156,9740400,202.82053,208.10000610351562,8.740005493164062,0.0
2019-12-16,195.27000427246094,199.1199951171875,194.80999755859375,197.9199981689453,197.9199981689453,14911500,200.7797,215.22000122070315,17.30000305175784,0.0
2019-12-23,206.6999969482422,208.58999633789062,205.67999267578125,206.17999267578125,206.17999267578125,13348900,206.44885,221.1499938964844,14.970001220703153,0.0
2019-12-30,207.86000061035156,207.89999389648438,203.89999389648438,204.41000366210938,204.41000366210938,10524300,210.4377,221.32000732421875,16.910003662109375,0.0
2019-12-31,204.0,205.55999755859375,203.60000610351562,205.25,205.25,8953500,210.04933,219.75999450683594,14.509994506835938,0.0
2020-01-08,213.0,216.24000549316406,212.61000061035156,215.22000122070312,215.22000122070312,13475000,214.12143,209.52999877929688,0.0,5.69000244140625
2020-01-09,217.5399932861328,218.3800048828125,216.27999877929688,218.3000030517578,218.3000030517578,12642800,216.29306,201.91000366210938,0.0,16.389999389648438
2020-01-10,219.1999969482422,219.8800048828125,217.4199981689453,218.05999755859375,218.05999755859375,12119400,218.43599,204.19000244140625,-13.8699951171875,0.0
2020-02-07,210.3000030517578,212.82000732421875,209.92999267578125,212.3300018310547,212.3300018310547,12242500,211.29985,196.44000244140625,0.0,15.889999389648438
2020-02-10,211.52000427246094,213.8000030517578,210.66000366210938,213.05999755859375,213.05999755859375,11856400,212.55502,185.88999938964844,0.0,27.169998168945312
2020-02-11,210.19000244140625,210.86000061035156,206.50999450683594,207.19000244140625,207.19000244140625,25030800,212.57388,191.75999450683594,-15.430007934570312,0.0
2020-03-16,152.32000732421875,159.1300048828125,143.10000610351562,146.00999450683594,146.00999450683594,39120400,161.77422,165.5500030517578,19.540008544921875,0.0
2020-04-02,159.10000610351562,161.35000610351562,155.9199981689453,158.19000244140625,158.19000244140625,20886300,166.12598,190.07000732421875,31.8800048828125,0.0
2020-04-07,171.7899932861328,173.38999938964844,166.00999450683594,168.8300018310547,168.8300018310547,31411900,165.60645,194.19000244140625,0.0,-25.360000610351562
2020-04-08,171.25,175.0,167.74000549316406,174.27999877929688,174.27999877929688,21664200,168.63866,204.71000671386716,0.0,-30.430007934570284
2020-04-13,173.6699981689453,175.0,169.4499969482422,174.7899932861328,174.7899932861328,19355400,174.79185,205.25999450683597,30.470001220703153,0.0
2020-04-14,178.97999572753906,181.22999572753906,176.6199951171875,178.1699981689453,178.1699981689453,21011800,177.75484,207.07000732421878,0.0,-28.900009155273466
2020-04-20,177.41000366210938,180.5,176.77000427246094,178.24000549316406,178.24000549316406,16110700,182.00557,213.17999267578125,34.93998718261719,0.0
2020-04-22,178.4499969482422,184.77999877929688,178.13999938964844,182.27999877929688,182.27999877929688,33242000,180.96481,205.10000610351562,0.0,-22.82000732421875
2020-04-28,188.66000366210938,189.1999969482422,182.55999755859375,182.91000366210938,182.91000366210938,21731000,189.14424,216.8800048828125,33.970001220703125,0.0
2020-04-30,206.9199981689453,209.69000244140625,201.57000732421875,204.7100067138672,204.7100067138672,46230100,195.70851,231.38999938964847,0.0,-26.67999267578128
2020-05-01,201.60000610351562,207.27999877929688,199.0500030517578,202.27000427246094,202.27000427246094,30415600,199.98978,234.91000366210938,0.0,-32.63999938964844
2020-05-06,208.1199951171875,211.60000610351562,206.66000366210938,208.47000122070312,208.47000122070312,21857000,209.62892,225.46000671386722,16.99000549316409,0.0
2020-05-07,211.16000366210938,211.60000610351562,209.0399932861328,211.25999450683594,211.25999450683594,15152000,212.09802,225.08999633789062,13.830001831054688,0.0
2020-05-18,212.14999389648438,214.63999938964844,210.94000244140625,213.19000244140625,213.19000244140625,20151900,212.12592,238.6699981689453,0.0,-25.479995727539062
2020-05-29,225.1999969482422,227.49000549316406,222.8800048828125,225.08999633789062,225.08999633789062,23241500,232.33994,238.78999328613278,13.699996948242159,0.0
2020-06-17,235.0,237.58999633789062,231.72999572753906,235.52999877929688,235.52999877929688,19578100,235.00336,244.5,0.0,-8.970001220703125
2020-06-19,237.7899932861328,240.8300018310547,235.5500030517578,238.7899932861328,238.7899932861328,30081300,237.14319,239.00000000000003,0.0,-0.21000671386721592
2020-06-25,234.6199951171875,237.3000030517578,232.74000549316406,235.67999267578125,235.67999267578125,18704300,240.64508,242.0299987792969,6.350006103515653,0.0
2020-07-08,238.11000061035156,246.99000549316406,236.58999633789062,243.5800018310547,243.5800018310547,29791300,238.98047,233.2899932861328,0.0,10.290008544921875
2020-07-14,236.75999450683594,240.3300018310547,232.02999877929688,239.72999572753906,239.72999572753906,23378100,244.70485,249.83000183105466,10.100006103515597,0.0
2020-07-24,230.19000244140625,233.49000549316406,226.89999389648438,230.7100067138672,230.7100067138672,18325800,239.96988,261.239990234375,30.529983520507812,0.0
2020-07-27,231.4600067138672,234.9499969482422,230.8300018310547,233.5,233.5,13163100,237.87892,261.1600036621094,27.660003662109375,0.0
2020-07-29,231.13999938964844,233.6999969482422,230.30999755859375,233.2899932861328,233.2899932861328,13588300,235.12611,262.5899963378906,29.300003051757812,0.0
2020-08-03,252.64999389648438,255.39999389648438,250.3300018310547,251.9600067138672,251.9600067138672,23124900,243.0165,271.3900146484375,0.0,-19.430007934570312
2020-08-05,250.19000244140625,252.27000427246094,247.77000427246094,249.1199951171875,249.1199951171875,13050100,250.1892,303.9100036621094,54.790008544921875,0.0
2020-08-06,249.0399932861328,266.6000061035156,248.6699981689453,265.2799987792969,265.2799987792969,45241600,253.16063,293.2200012207031,0.0,-27.94000244140625
2020-08-07,264.0799865722656,278.8900146484375,263.42999267578125,268.44000244140625,268.44000244140625,72766400,257.47778,293.6600036621094,0.0,-25.220001220703125
2020-08-11,260.19000244140625,265.9200134277344,255.1300048828125,256.1300048828125,256.1300048828125,28238300,263.34088,295.44000244140625,39.30999755859375,0.0
2020-08-14,262.30999755859375,262.6499938964844,258.67999267578125,261.239990234375,261.239990234375,14792700,264.54117,282.7300109863281,21.490020751953125,0.0
2020-08-26,284.0,304.6700134277344,284.0,303.9100036621094,303.9100036621094,69015200,276.4451,254.82000732421878,0.0,49.0899963378906
2020-09-09,275.7699890136719,278.4800109863281,271.3500061035156,273.7200012207031,273.7200012207031,22918800,283.51083,261.8999938964844,-11.82000732421875,0.0
2020-09-17,258.2799987792969,261.5,250.19000244140625,254.82000732421875,254.82000732421875,31281400,265.8109,263.760009765625,8.94000244140625,0.0
2020-09-22,253.30999755859375,255.32000732421875,248.22000122070312,254.75,254.75,30293100,254.59872,276.1400146484375,0.0,-21.3900146484375
2020-09-30,261.9800109863281,266.0799865722656,260.1000061035156,261.8999938964844,261.8999938964844,20142500,257.90326,278.7300109863281,0.0,-16.83001708984375
2020-10-05,262.20001220703125,264.8699951171875,260.8399963378906,264.6499938964844,264.6499938964844,12822300,264.3383,277.1099853515625,0.0,-12.459991455078125
2020-10-23,278.79998779296875,285.239990234375,276.82000732421875,284.7900085449219,284.7900085449219,17535200,276.53354,276.95001220703125,0.0,7.839996337890625
2020-11-03,263.1600036621094,270.04998779296875,260.8800048828125,265.29998779296875,265.29998779296875,17961900,269.9049,276.9200134277344,11.620025634765625,0.0
2020-11-10,273.1000061035156,274.0,264.0,272.42999267578125,272.42999267578125,29067700,283.3811,287.5199890136719,15.089996337890625,0.0
2020-11-23,270.8900146484375,270.95001220703125,264.5299987792969,268.42999267578125,268.42999267578125,20990800,272.75772,275.54998779296875,7.1199951171875,0.0
2020-12-02,285.3599853515625,291.7799987792969,280.8299865722656,287.5199890136719,287.5199890136719,17361600,280.72122,268.1099853515625,0.0,19.410003662109375
2020-12-11,274.5299987792969,276.4800109863281,270.25,273.54998779296875,273.54998779296875,14391400,279.73804,270.9700012207031,-2.579986572265625,0.0
2020-12-14,273.3699951171875,277.2200012207031,271.55999755859375,274.19000244140625,274.19000244140625,16376900,277.84158,263.30999755859375,-10.8800048828125,0.0
2020-12-17,277.07000732421875,280.44000244140625,273.6099853515625,274.4800109863281,274.4800109863281,16377800,275.4543,256.8399963378906,-17.6400146484375,0.0
2020-12-18,275.7699890136719,278.0,271.1400146484375,276.3999938964844,276.3999938964844,26693200,275.3591,251.08999633789062,0.0,25.30999755859375
2021-01-06,262.0,267.75,260.010009765625,263.30999755859375,263.30999755859375,24354100,271.2271,265.0,1.69000244140625,0.0
2021-01-08,268.30999755859375,268.95001220703125,263.17999267578125,267.57000732421875,267.57000732421875,18528300,268.87033,262.010009765625,-5.55999755859375,0.0
2021-01-14,253.39999389648438,255.02999877929688,244.61000061035156,245.63999938964844,245.63999938964844,29739400,255.71277,268.1000061035156,22.460006713867188,0.0
2021-01-25,278.1400146484375,280.1000061035156,271.510009765625,278.010009765625,278.010009765625,19087000,270.55908,273.9700012207031,0.0,4.040008544921875
2021-02-16,270.79998779296875,276.6000061035156,270.04998779296875,273.9700012207031,273.9700012207031,15417200,272.40143,265.739990234375,0.0,8.230010986328125
2021-02-19,269.8599853515625,270.2699890136719,260.1499938964844,261.55999755859375,261.55999755859375,25622600,271.18118,268.3999938964844,6.839996337890625,0.0
2021-02-24,262.3299865722656,266.3800048828125,258.3900146484375,264.30999755859375,264.30999755859375,15736100,264.8385,284.010009765625,19.70001220703125,0.0
2021-03-03,260.2900085449219,260.989990234375,255.10000610351562,255.41000366210938,255.41000366210938,15513500,261.40347,282.1400146484375,26.730010986328125,0.0
2021-03-11,268.1099853515625,277.8999938964844,267.82000732421875,273.8800048828125,273.8800048828125,21834000,266.24356,298.6600036621094,0.0,-24.779998779296875
2021-03-12,269.1400146484375,269.739990234375,264.0199890136719,268.3999938964844,268.3999938964844,20600200,267.93716,308.9100036621094,0.0,-40.510009765625
2021-03-15,269.0799865722656,275.9599914550781,268.5,273.75,273.75,16844800,269.90482,306.260009765625,0.0,-32.510009765625
2021-03-16,276.0799865722656,282.1400146484375,274.79998779296875,279.2799987792969,279.2799987792969,22437700,272.71866,313.0899963378906,0.0,-33.80999755859375
2021-03-18,279.8699951171875,285.19000244140625,278.2799987792969,278.6199951171875,278.6199951171875,18728300,278.39908,312.4599914550781,0.0,-33.839996337890625
2021-04-12,311.04998779296875,312.1499938964844,307.92999267578125,311.5400085449219,311.5400085449219,10881900,310.91623,322.5799865722656,0.0,-11.03997802734375
2021-04-15,306.3399963378906,310.1400146484375,304.1000061035156,307.82000732421875,307.82000732421875,14558300,309.2824,320.0199890136719,12.199981689453125,0.0
2021-04-20,301.989990234375,305.1000061035156,297.2099914550781,302.6499938964844,302.6499938964844,16796400,305.1496,306.5299987792969,3.8800048828125,0.0
2021-05-03,326.1700134277344,328.54998779296875,321.8399963378906,322.5799865722656,322.5799865722656,18719500,317.25348,324.6300048828125,0.0,-2.050018310546875
2021-05-07,322.3800048828125,322.94000244140625,318.75,319.0799865722656,319.0799865722656,15916700,318.8113,328.7300109863281,0.0,-9.6500244140625
2021-05-12,301.1300048828125,304.9599914550781,298.19000244140625,302.54998779296875,302.54998779296875,24645500,308.88623,326.0400085449219,23.490020751953125,0.0
2021-05-17,313.54998779296875,315.67999267578125,311.5799865722656,315.4599914550781,315.4599914550781,15401300,307.96683,333.67999267578125,0.0,-18.220001220703125
2021-05-19,304.19000244140625,314.6600036621094,303.57000732421875,313.5899963378906,313.5899963378906,19106200,309.52142,332.4599914550781,0.0,-18.8699951171875
2021-05-27,328.0,333.7799987792969,326.760009765625,332.75,332.75,20477700,323.92334,329.6600036621094,0.0,3.089996337890625
2021-06-03,325.7799987792969,327.3800048828125,323.4800109863281,326.0400085449219,326.0400085449219,12610800,327.48712,343.17999267578125,17.139984130859375,0.0
2021-06-07,329.4800109863281,337.69000244140625,328.92999267578125,336.5799865722656,336.5799865722656,20136700,327.90308,355.6400146484375,0.0,-19.060028076171875
2021-06-15,336.989990234375,339.9200134277344,335.0299987792969,336.75,336.75,15795200,331.45828,350.489990234375,0.0,-13.739990234375
2021-06-17,330.489990234375,337.9800109863281,330.1499938964844,336.510009765625,336.510009765625,17794100,331.6836,350.4200134277344,0.0,-13.910003662109375
2021-06-21,331.0899963378906,332.9200134277344,327.6499938964844,332.2900085449219,332.2900085449219,11337500,330.58124,352.0899963378906,0.0,-19.79998779296875
2021-06-24,341.8500061035156,344.8999938964844,341.7900085449219,343.17999267578125,343.17999267578125,12329100,334.7761,341.1600036621094,0.0,2.019989013671875
2021-07-02,355.1000061035156,356.44000244140625,352.6199951171875,354.70001220703125,354.70001220703125,11521300,347.4744,372.4599914550781,0.0,-17.759979248046875
2021-07-15,349.2300109863281,349.2300109863281,340.2200012207031,344.4599914550781,344.4599914550781,14781600,346.2016,362.9700012207031,18.510009765625,0.0
2021-08-02,358.1000061035156,359.3999938964844,350.739990234375,351.95001220703125,351.95001220703125,13180400,356.79626,363.3500061035156,11.399993896484375,0.0
2021-08-03,352.7300109863281,353.7699890136719,347.70001220703125,351.239990234375,351.239990234375,12406100,354.08087,365.510009765625,14.27001953125,0.0
2021-08-09,363.760009765625,365.7799987792969,360.75,361.6099853515625,361.6099853515625,7798900,355.4391,380.6600036621094,0.0,-19.050018310546875
2021-08-19,351.3500061035156,357.57000732421875,351.0,355.1199951171875,355.1199951171875,12004500,354.40643,378.69000244140625,0.0,-23.57000732421875
2021-08-20,354.6000061035156,359.989990234375,353.30999755859375,359.3699951171875,359.3699951171875,8697700,353.45148,376.510009765625,0.0,-17.1400146484375
2021-08-25,365.6000061035156,370.8599853515625,365.3999938964844,368.3900146484375,368.3900146484375,9684500,357.34058,373.0599975585938,0.0,-4.669982910156307
2021-08-27,365.1000061035156,373.739990234375,364.0799865722656,372.6300048828125,372.6300048828125,11219100,360.6101,355.70001220703125,0.0,16.92999267578125
2021-08-31,379.95001220703125,382.760009765625,378.79998779296875,379.3800048828125,379.3800048828125,12345400,366.51828,343.2099914550781,0.0,36.170013427734375
2021-09-02,381.5,381.75,374.05999755859375,375.2799987792969,375.2799987792969,14832900,370.98395,352.9599914550781,0.0,22.32000732421875
2021-09-14,377.3999938964844,378.5899963378906,375.1099853515625,376.5299987792969,376.5299987792969,8711600,372.1417,332.9599914550781,0.0,43.57000732421875
2021-09-20,359.29998779296875,361.0299987792969,349.79998779296875,355.70001220703125,355.70001220703125,19822800,362.74847,325.45001220703125,-30.25,0.0
2021-09-22,347.2300109863281,349.8399963378906,340.69000244140625,343.2099914550781,343.2099914550781,43692900,353.38004,324.5400085449219,-18.66998291015625,0.0
2021-09-28,347.9700012207031,349.6000061035156,338.9200134277344,340.6499938964844,340.6499938964844,21710300,343.52747,339.989990234375,-0.660003662109375,0.0
2021-10-05,328.5799865722656,335.17999267578125,326.1600036621094,332.9599914550781,332.9599914550781,35377900,332.2601,315.80999755859375,0.0,17.149993896484375
2021-10-21,340.2799987792969,342.30999755859375,337.79998779296875,341.8800048828125,341.8800048828125,16354400,334.06055,327.739990234375,0.0,14.1400146484375
2021-11-02,331.3800048828125,334.7900085449219,323.79998779296875,328.0799865722656,328.0799865722656,28353000,320.50748,337.25,0.0,-9.170013427734375
2021-11-19,342.20001220703125,352.1000061035156,339.8999938964844,345.29998779296875,345.29998779296875,26488500,339.09586,334.489990234375,0.0,10.80999755859375
2021-12-02,311.3999938964844,314.6000061035156,307.20001220703125,310.3900146484375,310.3900146484375,24396200,322.88144,335.239990234375,24.8499755859375,0.0
2021-12-07,321.57000732421875,326.5400085449219,321.0,322.80999755859375,322.80999755859375,18794000,313.64014,342.94000244140625,0.0,-20.1300048828125
2021-12-09,329.5400085449219,336.1300048828125,328.0,329.82000732421875,329.82000732421875,16879200,319.62784,336.3500061035156,0.0,-6.529998779296875
2021-12-15,332.489990234375,342.1099853515625,323.9800109863281,341.6600036621094,341.6600036621094,24681300,329.47754,332.4599914550781,0.0,9.20001220703125
2021-12-20,329.7799987792969,329.8999938964844,322.5299987792969,325.45001220703125,325.45001220703125,17901800,330.49286,334.3699951171875,8.91998291015625,0.0
2021-12-22,333.79998779296875,334.510009765625,328.260009765625,330.45001220703125,330.45001220703125,16764600,329.29123,326.4800109863281,0.0,3.970001220703125
2021-12-27,338.8500061035156,347.8699951171875,338.010009765625,346.17999267578125,346.17999267578125,17795000,331.7172,318.1499938964844,0.0,28.029998779296875
2021-12-30,344.0,347.2300109863281,343.2200012207031,344.3599853515625,344.3599853515625,10593300,340.1,303.1700134277344,0.0,41.189971923828125
2022-01-04,339.95001220703125,343.0899963378906,331.8699951171875,336.5299987792969,336.5299987792969,15998000,338.235,294.6300048828125,-41.899993896484375,0.0
2022-01-06,322.82000732421875,339.1700134277344,322.7200012207031,332.4599914550781,332.4599914550781,27962800,332.26758,301.7099914550781,0.0,30.75
2022-01-13,334.9800109863281,335.6300048828125,325.760009765625,326.4800109863281,326.4800109863281,14797100,327.6844,237.08999633789062,-89.3900146484375,0.0
2022-01-20,323.8999938964844,327.82000732421875,315.9800109863281,316.55999755859375,316.55999755859375,16925000,321.43488,228.07000732421875,-88.489990234375,0.0
2022-01-21,314.80999755859375,318.30999755859375,303.0400085449219,303.1700134277344,303.1700134277344,28710700,317.6823,219.5500030517578,-83.62001037597656,0.0
2022-01-26,307.010009765625,307.510009765625,290.8500061035156,294.6300048828125,294.6300048828125,28348800,303.4224,216.5399932861328,-78.09001159667969,0.0
2022-02-01,314.55999755859375,319.6600036621094,312.1199951171875,319.0,319.0,18023800,302.58133,198.44999694824222,0.0,120.55000305175778
2022-02-07,237.6999969482422,238.3000030517578,224.00999450683594,224.91000366210938,224.91000366210938,88613800,257.81186,203.49000549316403,-21.41999816894534,0.0
2022-02-14,219.30999755859375,221.0,214.77999877929688,217.6999969482422,217.6999969482422,38184000,220.22928,190.2899932861328,-27.410003662109375,0.0
2022-02-22,202.33999633789062,207.47999572753906,200.05999755859375,202.0800018310547,202.0800018310547,39852400,209.65024,192.02999877929688,-10.050003051757812,0.0
2022-03-02,204.77999877929688,209.14999389648438,202.02000427246094,208.11000061035156,208.11000061035156,29452100,207.72108,213.46000671386716,0.0,-5.350006103515597
2022-03-11,192.63999938964844,193.55999755859375,186.6699981689453,187.61000061035156,187.61000061035156,34694500,195.32129,224.85000610351565,37.24000549316409,0.0
2022-03-15,190.8000030517578,192.27999877929688,185.91000366210938,192.02999877929688,192.02999877929688,31721700,192.0901,231.83999633789062,39.80999755859375,0.0
2022-03-21,214.5,214.7100067138672,207.6300048828125,211.49000549316406,211.49000549316406,30142300,206.99783,216.4600067138672,0.0,-4.970001220703125
2022-04-05,234.0800018310547,236.86000061035156,231.02000427246094,231.83999633789062,231.83999633789062,29727200,232.34523,174.94999694824222,-56.88999938964841,0.0
2022-04-25,182.72999572753906,187.17999267578125,181.66000366210938,186.99000549316406,186.99000549316406,29281100,194.84015,200.0399932861328,13.04998779296875,0.0
2022-04-26,186.6300048828125,187.19000244140625,179.5,180.9499969482422,180.9499969482422,31747400,189.70583,202.61999511718747,21.669998168945284,0.0
2022-05-09,199.83999633789062,202.57000732421875,195.5800018310547,196.2100067138672,196.2100067138672,36303200,211.79999,193.63999938964844,-2.57000732421875,0.0
2022-05-17,202.1199951171875,205.4600067138672,198.36000061035156,202.6199951171875,202.6199951171875,24872700,199.27031,196.63999938964847,0.0,5.979995727539034
2022-05-19,191.1999969482422,195.2899932861328,189.60000610351562,191.2899932861328,191.2899932861328,24446900,198.58148,175.57000732421875,-15.719985961914062,0.0
2022-05-20,194.97000122070312,197.91000366210938,187.8699951171875,193.5399932861328,193.5399932861328,31465600,197.4441,164.25999450683594,-29.279998779296875,0.0
2022-05-23,195.19000244140625,196.99000549316406,191.24000549316406,196.22999572753906,196.22999572753906,25059200,196.94028,163.72999572753906,-32.5,0.0
2022-05-26,182.8800048828125,192.8300018310547,182.25999450683594,191.6300048828125,191.6300048828125,23056500,188.25194,163.74000549316406,0.0,27.889999389648438
2022-06-08,194.6699981689453,202.02999877929688,194.41000366210938,196.63999938964844,196.63999938964844,22267200,197.58347,161.25,-35.38999938964844,0.0
2022-06-16,163.72000122070312,165.0800018310547,159.61000061035156,160.8699951171875,160.8699951171875,26944100,168.68759,162.88000488281253,2.0100097656250284,0.0
2022-06-30,162.14999389648438,165.22999572753906,158.49000549316406,161.25,161.25,35250600,166.24084,169.27000427246097,8.020004272460966,0.0
2022-07-05,158.13999938964844,168.25,157.02000427246094,168.19000244140625,168.19000244140625,28618600,164.97493,159.14999389648438,0.0,9.040008544921875
2022-07-13,160.16000366210938,164.97999572753906,159.61000061035156,163.49000549316406,163.49000549316406,16555100,169.23508,168.80000305175784,5.309997558593778,0.0
2022-08-10,175.99000549316406,180.47999572753906,173.9499969482422,178.33999633789062,178.33999633789062,30262100,173.98024,162.92999267578125,0.0,15.410003662109375
2022-08-17,176.75999450683594,178.13999938964844,174.1699981689453,174.85000610351562,174.85000610351562,20118100,183.30731,162.05999755859375,-12.790008544921875,0.0
2022-09-27,137.9199981689453,139.4199981689453,134.1199951171875,134.39999389648438,134.39999389648438,30826500,140.27428,132.8000030517578,-1.5999908447265625,0.0
2022-09-28,134.6199951171875,142.02999877929688,134.27000427246094,141.61000061035156,141.61000061035156,32658500,139.19269,133.22999572753906,0.0,8.3800048828125
2022-10-18,137.08999633789062,137.83999633789062,131.39999389648438,132.8000030517578,132.8000030517578,25445000,132.0689,96.47000122070312,0.0,36.33000183105469
2022-10-21,126.30999755859375,130.1199951171875,125.44000244140625,130.00999450683594,130.00999450683594,46348600,133.94647,113.0199966430664,-16.98999786376953,0.0
2022-10-26,131.67999267578125,135.5500030517578,128.52999877929688,129.82000732421875,129.82000732421875,82791500,132.58008,113.23000335693358,-16.59000396728517,0.0
2022-11-22,109.86000061035156,111.62000274658203,108.31999969482422,111.44000244140625,111.44000244140625,29029000,117.7884,121.58999633789065,10.149993896484403,0.0
2022-11-23,111.72000122070312,112.66999816894531,110.7300033569336,112.23999786376953,112.23999786376953,21343100,116.79876,116.15000152587892,3.910003662109389,0.0
2022-12-01,119.19999694824219,121.19999694824219,118.4000015258789,120.44000244140625,120.44000244140625,36551400,115.75034,117.12000274658203,0.0,3.3199996948242188
2022-12-15,118.33000183105469,118.62999725341797,114.01000213623047,116.1500015258789,116.1500015258789,34531000,120.51031,129.47000122070315,13.319999694824247,0.0
2022-12-16,120.2300033569336,123.30999755859375,118.81999969482422,119.43000030517578,119.43000030517578,67064000,120.65446,132.9900054931641,13.56000518798831,0.0
2022-12-21,116.69999694824219,120.33999633789062,115.62000274658203,119.76000213623047,119.76000213623047,20392800,119.56153,136.97999572753906,0.0,-17.219993591308594
2022-12-27,117.93000030517578,118.5999984741211,116.05000305175781,116.87999725341797,116.87999725341797,21392300,119.65886,136.1499938964844,19.269996643066435,0.0
2022-12-28,116.25,118.1500015258789,115.51000213623047,115.62000274658203,115.62000274658203,19612500,119.54633,139.36999511718753,23.749992370605497,0.0
2023-01-05,126.12999725341797,128.52000427246094,124.54000091552734,126.94000244140625,126.94000244140625,25447100,126.81973,151.74000549316406,0.0,-24.800003051757812
2023-01-18,135.80999755859375,137.25,132.8000030517578,133.02000427246094,133.02000427246094,20215500,139.16875,183.42999267578122,50.409988403320284,0.0
2023-02-08,190.0,190.8300018310547,182.9199981689453,183.42999267578125,183.42999267578125,36139100,191.40256,174.5299987792969,-8.899993896484347,0.0
2023-02-09,186.1300048828125,186.64999389648438,177.27000427246094,177.9199981689453,177.9199981689453,37118800,192.44164,185.25000000000003,7.330001831054716,0.0
2023-02-15,176.4199981689453,178.19000244140625,175.3300018310547,177.16000366210938,177.16000366210938,25308900,183.78719,181.69000244140625,4.529998779296875,0.0
2023-02-28,171.89999389648438,177.5500030517578,171.8699951171875,174.94000244140625,174.94000244140625,46051100,173.12758,202.1600036621094,0.0,-27.220001220703153
2023-03-07,189.0,190.36000061035156,184.00999450683594,184.50999450683594,184.50999450683594,36701500,184.44669,200.67999267578128,0.0,-16.16999816894534
2023-03-09,186.35000610351562,188.92999267578125,180.3000030517578,181.69000244140625,181.69000244140625,26582800,187.91986,207.83999633789062,26.149993896484375,0.0
2023-03-17,200.55999755859375,201.89999389648438,195.42999267578125,195.61000061035156,195.61000061035156,50141100,197.15541,214.75000000000003,19.139999389648466,0.0
2023-03-28,200.14999389648438,201.02999877929688,197.89999389648438,200.67999267578125,200.67999267578125,19127300,207.34407,215.69999694824222,15.020004272460966,0.0
2023-04-05,214.14999389648438,215.19000244140625,209.94000244140625,211.47999572753906,211.47999572753906,19396600,214.43295,238.55999755859375,27.080001831054688,0.0
2023-04-10,214.7100067138672,215.66000366210938,210.66000366210938,214.75,214.75,16106100,216.2992,243.17999267578128,28.42999267578128,0.0
2023-04-20,213.47999572753906,216.75,212.77000427246094,213.07000732421875,213.07000732421875,16475400,220.09267,235.7899932861328,22.719985961914062,0.0
2023-04-21,210.2100067138672,213.41000366210938,209.5800018310547,212.88999938964844,212.88999938964844,17717200,218.37146,233.80999755859378,20.91999816894534,0.0
2023-04-26,212.5,214.11000061035156,208.8800048828125,209.39999389648438,209.39999389648438,41992700,213.5931,242.49000549316403,33.09001159667966,0.0
2023-05-04,236.05999755859375,238.1999969482422,232.92999267578125,233.52000427246094,233.52000427246094,17889400,241.4363,252.69000244140625,19.169998168945312,0.0
2023-05-11,233.0500030517578,238.2100067138672,232.3000030517578,235.7899932861328,235.7899932861328,20449000,237.05641,272.6099853515625,36.81999206542969,0.0
2023-05-31,260.0,265.0,258.45001220703125,264.7200012207031,264.7200012207031,25473700,260.357,284.8800048828125,0.0,-20.160003662109375
2023-06-02,272.6600036621094,275.3500061035156,271.1199951171875,272.6099853515625,272.6099853515625,19405300,267.9417,278.4700012207031,0.0,-5.860015869140625
2023-06-12,267.1700134277344,271.75,265.3299865722656,271.04998779296875,271.04998779296875,15442500,269.20474,294.3699951171875,0.0,-23.32000732421875
2023-06-14,271.8900146484375,274.989990234375,268.32000732421875,273.3500061035156,273.3500061035156,19175100,271.05664,290.5299987792969,0.0,-17.17999267578125
2023-06-21,283.5299987792969,284.0,278.3599853515625,281.6400146484375,281.6400146484375,20556200,280.36267,313.4100036621094,0.0,-31.769989013671875
2023-06-28,284.82000732421875,289.54998779296875,284.05999755859375,285.2900085449219,285.2900085449219,16722100,285.21252,302.5199890136719,0.0,-17.22998046875
2023-07-14,311.7900085449219,314.8800048828125,307.3599853515625,308.8699951171875,308.8699951171875,22576000,304.4907,310.7300109863281,0.0,-1.860015869140625
2023-07-21,304.57000732421875,305.4599914550781,291.20001220703125,294.260009765625,294.260009765625,42089700,307.74136,301.6400146484375,7.3800048828125,0.0
2023-08-02,318.0,318.3900146484375,310.6499938964844,314.30999755859375,314.30999755859375,20461100,315.42856,294.239990234375,-20.07000732421875,0.0
2023-08-07,313.2300109863281,317.07000732421875,310.4599914550781,316.55999755859375,316.55999755859375,16236500,314.629,290.260009765625,0.0,26.29998779296875
2023-08-22,292.54998779296875,292.8999938964844,286.75,287.6000061035156,287.6000061035156,12999900,287.93744,305.05999755859375,17.459991455078125,0.0
2023-08-30,297.1700134277344,298.2900085449219,293.42999267578125,295.1000061035156,295.1000061035156,17717000,290.89133,295.7300109863281,0.0,-0.6300048828125
2023-08-31,295.79998779296875,301.1000061035156,295.6600036621094,295.8900146484375,295.8900146484375,17229900,292.98215,299.0799865722656,0.0,-3.189971923828125
2023-09-06,301.7099914550781,303.29998779296875,295.6600036621094,299.1700134277344,299.1700134277344,15418100,297.92593,297.739990234375,0.0,1.430023193359375
2023-09-07,298.0,307.04998779296875,292.2200012207031,298.6700134277344,298.6700134277344,33748700,298.391,303.9599914550781,0.0,-5.28997802734375
2023-09-25,295.6400146484375,300.95001220703125,293.70001220703125,300.8299865722656,300.8299865722656,18987000,299.464,321.1499938964844,0.0,-20.32000732421875
2023-10-06,301.44000244140625,316.30999755859375,300.9100036621094,315.42999267578125,315.42999267578125,21784000,304.0121,296.7300109863281,0.0,18.699981689453125
2023-10-10,319.1199951171875,324.6600036621094,318.1600036621094,321.8399963378906,321.8399963378906,19038000,310.7205,301.2699890136719,0.0,20.57000732421875
2023-10-17,318.17999267578125,324.3999938964844,317.29998779296875,324.0,324.0,16387800,320.33435,318.82000732421875,0.0,5.17999267578125
2023-10-20,314.1400146484375,315.29998779296875,306.4700012207031,308.6499938964844,308.6499938964844,22287400,316.4784,328.7699890136719,20.1199951171875,0.0
2023-10-25,310.0,310.8800048828125,298.8399963378906,299.5299987792969,299.5299987792969,42192500,310.29013,332.7099914550781,33.17999267578125,0.0
2023-10-26,295.0,295.0,279.3999938964844,288.3500061035156,288.3500061035156,66684100,303.6824,334.19000244140625,45.839996337890625,0.0
2023-11-06,315.9800109863281,318.3299865722656,314.45001220703125,315.79998779296875,315.79998779296875,12887700,309.5471,338.989990234375,0.0,-23.19000244140625
2023-11-14,334.5400085449219,338.1000061035156,333.3299865722656,336.30999755859375,336.30999755859375,17179400,325.17416,317.45001220703125,0.0,18.8599853515625
2023-11-27,336.17999267578125,339.8999938964844,334.20001220703125,334.70001220703125,334.70001220703125,15684500,336.09055,344.6199951171875,9.91998291015625,0.0
2023-12-01,325.4800109863281,326.8599853515625,320.760009765625,324.82000732421875,324.82000732421875,15264700,329.6882,353.3900146484375,28.57000732421875,0.0
2023-12-05,318.9800109863281,321.8800048828125,315.3900146484375,318.2900085449219,318.2900085449219,16952100,322.2288,357.8299865722656,39.53997802734375,0.0
2023-12-07,317.7699890136719,328.239990234375,317.7699890136719,326.5899963378906,326.5899963378906,15905100,319.2207,353.9599914550781,0.0,-27.3699951171875
2023-12-12,324.6000061035156,334.4700012207031,324.55999755859375,334.2200012207031,334.2200012207031,18485500,322.85208,347.1199951171875,0.0,-12.899993896484375
2023-12-14,333.8500061035156,334.70001220703125,328.6400146484375,333.1700134277344,333.1700134277344,19607300,327.43735,358.6600036621094,0.0,-25.489990234375
